location_id,time,temperature_2m,relative_humidity_2m,dew_point_2m,apparent_temperature,precipitation_probability,precipitation,rain,snowfall,snow_depth,weather_code,pressure_msl,surface_pressure,cloud_cover,cloud_cover_low,cloud_cover_mid,cloud_cover_high,wind_speed_10m,wind_speed_80m,wind_speed_120m,wind_direction_10m,wind_direction_80m,wind_direction_120m,wind_gusts_10m,is_day,sunshine_duration,wet_bulb_temperature_2m,boundary_layer_height,shortwave_radiation
0,2025-02-19 00:00:00-08:00,11.210501,83.0,8.429368,10.479483,0.0,0.0,0.0,0.0,0.0,0.0,1018.1,1014.0731,6.0,6.0,0.0,6.0,2.1897945,2.5455842,1.1023391,99.46225,135.0001,180.0,2.8799999,0.0,0.0,9.394698,180.0,0.0
0,2025-02-19 01:00:00-08:00,10.7605,84.0,8.165454,9.84783,0.0,0.0,0.0,0.0,0.0,0.0,1018.1,1014.0667,8.0,8.0,0.0,7.0,2.968636,2.968636,3.3876882,104.03627,194.03627,220.60121,3.2399998,0.0,0.0,9.059762,125.0,0.0
0,2025-02-19 02:00:00-08:00,10.960501,81.0,7.8259363,9.614272,0.0,0.0,0.0,0.0,0.0,0.0,1017.9,1013.8705,5.0,5.0,0.0,0.0,5.3517847,0.71999997,3.0300403,70.346085,90.0,194.03627,5.3999996,0.0,0.0,8.951202,90.0,0.0
0,2025-02-19 03:00:00-08:00,10.6105,80.0,7.3026342,9.067398,0.0,0.0,0.0,0.0,0.0,2.0,1017.6,1013.5665,50.0,50.0,0.0,1.0,5.815978,2.8799999,3.3876882,68.19853,90.0,192.5288,6.12,0.0,0.0,8.514773,165.0,0.0
0,2025-02-19 04:00:00-08:00,9.8105,83.0,7.059745,8.236886,0.0,0.0,0.0,0.0,0.0,0.0,1017.6,1013.55536,9.0,9.0,0.0,3.0,5.6233797,3.096837,2.4649053,50.194473,54.46224,206.56499,5.3999996,0.0,0.0,8.039651,75.0,0.0
0,2025-02-19 05:00:00-08:00,10.1105,80.0,6.815578,8.773934,0.0,0.0,0.0,0.0,0.0,0.0,1017.9,1013.8584,8.0,8.0,0.0,7.0,3.6,2.3051248,2.323935,53.13002,231.34016,161.56496,3.6,0.0,0.0,8.034736,140.0,0.0
0,2025-02-19 06:00:00-08:00,10.0605,79.0,6.5837564,8.414153,0.0,0.0,0.0,0.0,0.0,0.0,1018.3,1014.25616,4.0,4.0,0.0,4.0,5.3517847,2.8799999,1.1023391,47.72637,270.0,270.0,5.04,0.0,0.0,7.8889713,120.0,0.0
0,2025-02-19 07:00:00-08:00,9.460501,88.0,7.5720677,8.314476,0.0,0.0,0.0,0.0,0.0,1.0,1019.0,1014.94476,24.0,24.0,0.0,13.0,3.5455887,2.52,2.5721245,66.037506,360.0,270.0,3.6,1.0,167.50218,8.19042,85.0,15.5
0,2025-02-19 08:00:00-08:00,12.3105,82.0,9.325033,11.727938,0.0,0.0,0.0,0.0,0.0,45.0,1019.5,1015.4833,100.0,100.0,26.0,18.0,2.8116899,3.8939953,3.9745402,129.80553,123.6901,303.6901,4.32,1.0,3600.0,10.355019,130.0,128.0
0,2025-02-19 09:00:00-08:00,14.8605,75.0,10.469612,14.311932,0.0,0.0,0.0,0.0,0.0,2.0,1019.7,1015.71783,69.0,35.0,69.0,33.0,4.802999,5.4119864,1.1619675,192.99461,183.814,198.43504,5.7599998,1.0,3600.0,12.042889,345.0,301.0
0,2025-02-19 10:00:00-08:00,16.810501,71.0,11.52169,16.549002,0.0,0.0,0.0,0.0,0.0,3.0,1019.6,1015.64484,100.0,100.0,3.0,30.0,5.0142193,5.3517847,4.439872,248.96242,250.34608,245.55606,5.3999996,1.0,3600.0,13.424822,400.0,524.75
0,2025-02-19 11:00:00-08:00,17.8605,62.0,10.4790945,17.373001,0.0,0.0,0.0,0.0,0.0,2.0,1019.5,1015.55963,54.0,51.0,42.0,54.0,8.4963045,9.290511,3.7472322,233.61555,234.46223,281.3099,9.36,1.0,3600.0,13.328764,465.0,650.5
0,2025-02-19 12:00:00-08:00,18.6605,58.0,10.231742,18.45263,0.0,0.0,0.0,0.0,0.0,3.0,1018.6,1014.6739,100.0,9.0,100.0,4.0,8.287822,8.891343,3.7472322,235.6196,238.24055,281.3099,9.0,1.0,3600.0,13.557671,490.0,704.0
0,2025-02-19 13:00:00-08:00,19.2605,61.0,11.554505,18.892643,0.0,0.0,0.0,0.0,0.0,3.0,1018.1,1014.1838,100.0,14.0,100.0,0.0,11.570515,12.7279215,11.963187,275.35574,278.13,280.6196,12.959999,1.0,3600.0,14.471096,500.0,699.0
0,2025-02-19 14:00:00-08:00,18.1105,68.0,12.11136,17.21953,0.0,0.0,0.0,0.0,0.0,1.0,1018.3,1014.3675,47.0,27.0,47.0,0.0,14.168641,16.434305,17.112904,297.21603,298.8107,284.93146,16.56,1.0,3600.0,14.279743,520.0,646.0
0,2025-02-19 15:00:00-08:00,17.060501,72.0,11.973771,15.909046,0.0,0.0,0.0,0.0,0.0,1.0,1018.0,1014.05457,34.0,34.0,6.0,0.0,12.096214,13.608762,12.557853,306.52896,307.47626,290.55612,13.679999,1.0,3600.0,13.775122,495.0,522.75
0,2025-02-19 16:00:00-08:00,16.2605,73.0,11.413023,15.099884,0.0,0.0,0.0,0.0,0.0,0.0,1016.8,1012.8485,11.0,11.0,0.0,0.0,10.948973,12.475961,6.6242332,313.66785,313.83093,273.17978,12.24,1.0,3600.0,13.139278,440.0,376.0
0,2025-02-19 17:00:00-08:00,15.0105,76.0,10.813648,13.88624,0.0,0.0,0.0,0.0,0.0,0.0,1016.5,1012.5325,12.0,12.0,0.0,0.0,9.449572,11.525623,11.120945,319.63553,321.34018,277.59454,11.5199995,1.0,3600.0,12.29554,350.0,157.25
0,2025-02-19 18:00:00-08:00,13.8105,81.0,10.605642,12.772516,0.0,0.0,0.0,0.0,0.0,0.0,1016.8,1012.8148,6.0,6.0,0.0,0.0,8.435069,11.304229,7.020053,320.1945,322.76508,276.0089,11.879999,0.0,172.97891,11.69492,230.0,18.75
0,2025-02-19 19:00:00-08:00,13.160501,88.0,11.216532,12.779512,0.0,0.0,0.0,0.0,0.0,0.0,1017.0,1013.00476,11.0,11.0,0.0,0.0,5.1919937,10.00256,4.42464,326.3099,329.74365,274.76355,10.799999,0.0,0.0,11.817411,105.0,0.0
0,2025-02-19 20:00:00-08:00,12.410501,90.0,10.815487,12.078287,0.0,0.0,0.0,0.0,0.0,0.0,1017.2,1013.19354,7.0,7.0,0.0,0.0,4.0249224,7.24486,2.142562,349.69522,333.43503,300.96368,8.28,0.0,0.0,11.294092,70.0,0.0
0,2025-02-19 21:00:00-08:00,11.7605,90.0,10.173568,11.35709,0.0,0.0,0.0,0.0,0.0,0.0,1017.3,1013.284,5.0,5.0,0.0,0.0,3.219938,4.6102495,3.6927903,26.564985,321.34018,275.7105,4.68,0.0,0.0,10.653837,100.0,0.0
0,2025-02-19 22:00:00-08:00,11.210501,88.0,9.295899,10.462178,0.0,0.0,0.0,0.0,0.0,0.0,1017.4,1013.3759,4.0,4.0,0.0,0.0,3.8939953,2.8116899,2.6496935,56.3099,320.1945,236.3099,3.96,0.0,0.0,9.905893,105.0,0.0
0,2025-02-19 23:00:00-08:00,10.710501,86.0,8.463457,9.675527,0.0,0.0,0.0,0.0,0.0,0.0,1017.4,1013.36896,5.0,5.0,0.0,0.0,4.3349743,1.0182338,0.8216351,85.23644,224.9999,243.43501,3.96,0.0,0.0,9.212984,110.0,0.0
1,2025-02-19 00:00:00-08:00,15.261001,22.0,-6.349396,9.679043,0.0,0.0,0.0,0.0,0.0,0.0,1016.2,1001.6404,0.0,0.0,0.0,0.0,18.218275,36.26006,31.04215,37.775745,29.109764,16.504446,27.72,0.0,0.0,6.159562,285.0,0.0
1,2025-02-19 01:00:00-08:00,14.711,24.0,-5.672301,9.346514,0.0,0.0,0.0,0.0,0.0,0.0,1016.5,1001.9084,0.0,0.0,0.0,0.0,17.208603,35.110615,22.208477,37.34943,28.141502,16.336123,26.28,0.0,0.0,6.047969,290.0,0.0
1,2025-02-19 02:00:00-08:00,12.761001,30.0,-4.3967805,8.705896,0.0,0.0,0.0,0.0,0.0,0.0,1016.6,1001.9084,0.0,0.0,0.0,0.0,9.19939,21.325253,12.579337,329.42084,21.801476,353.29025,11.159999,0.0,0.0,5.3487873,145.0,0.0
1,2025-02-19 03:00:00-08:00,12.111,30.0,-4.962605,8.071141,0.0,0.0,0.0,0.0,0.0,0.0,1016.3,1001.57947,0.0,0.0,0.0,0.0,8.654986,8.287822,14.135944,286.92758,2.4894993,332.1028,8.64,0.0,0.0,4.857771,115.0,0.0
1,2025-02-19 04:00:00-08:00,11.811001,29.0,-5.6705832,7.7661476,0.0,0.0,0.0,0.0,0.0,0.0,1016.4,1001.66266,6.0,0.0,0.0,6.0,8.161764,9.983106,13.314546,311.42358,295.64096,332.02063,8.64,0.0,0.0,4.5249367,75.0,0.0
1,2025-02-19 05:00:00-08:00,11.811001,28.0,-6.1312623,7.9219017,0.0,0.0,0.0,0.0,0.0,1.0,1016.9,1002.1554,39.0,0.0,0.0,39.0,6.763786,9.957108,11.396763,334.79892,319.39877,339.22766,8.28,0.0,0.0,4.417884,80.0,0.0
1,2025-02-19 06:00:00-08:00,12.011001,27.0,-6.4346867,8.184902,0.0,0.0,0.0,0.0,0.0,1.0,1017.4,1002.6585,36.0,0.0,0.0,36.0,6.12,10.97262,11.175446,360.0,311.009,350.53775,7.2,0.0,0.0,4.456949,100.0,0.0
1,2025-02-19 07:00:00-08:00,12.111,29.0,-5.410351,7.850316,0.0,0.0,0.0,0.0,0.0,1.0,1018.0,1003.2548,39.0,0.0,7.0,39.0,9.83268,11.177405,12.92346,23.749514,345.06854,345.17346,9.72,1.0,967.89575,4.749592,45.0,31.75
1,2025-02-19 08:00:00-08:00,14.361,33.0,-1.715939,11.205962,0.0,0.0,0.0,0.0,0.0,1.0,1018.5,1003.862,24.0,0.0,0.0,24.0,5.3517847,6.9153743,14.559411,19.653913,321.34018,349.82455,5.3999996,1.0,3600.0,6.9194784,100.0,212.25
1,2025-02-19 09:00:00-08:00,17.311,36.0,2.089728,14.709324,0.0,0.0,0.0,0.0,0.0,0.0,1019.2,1004.69977,2.0,0.0,2.0,1.0,5.634891,8.4042845,13.719091,333.43503,350.13425,352.30405,21.24,1.0,3600.0,9.6081,310.0,426.5
1,2025-02-19 10:00:00-08:00,21.711,15.0,-6.0740676,17.478966,0.0,0.0,0.0,0.0,0.0,0.0,1018.9,1004.61816,8.0,0.0,0.0,8.0,11.212135,13.039754,12.324525,5.527458,6.3401003,349.69522,20.519999,1.0,3600.0,9.181905,735.0,603.0
1,2025-02-19 11:00:00-08:00,23.811,13.0,-6.280667,19.622496,0.0,0.0,0.0,0.0,0.0,3.0,1018.1,1003.9296,100.0,0.0,0.0,100.0,15.226764,16.65754,12.92346,6.7888846,6.20336,345.17346,17.64,1.0,3600.0,9.996463,1265.0,729.0
1,2025-02-19 12:00:00-08:00,24.661001,12.0,-6.6605115,21.223587,0.0,0.0,0.0,0.0,0.0,1.0,1016.9,1002.7864,26.0,0.0,0.0,26.0,11.720751,12.144331,11.968828,349.3804,348.0239,342.12122,13.32,1.0,3600.0,10.237907,1420.0,768.5
1,2025-02-19 13:00:00-08:00,25.411001,11.0,-7.211077,22.285395,0.0,0.0,0.0,0.0,0.0,3.0,1016.1,1002.0328,80.0,0.0,4.0,80.0,10.086427,10.587918,12.036322,325.17545,324.6887,328.73633,12.599999,1.0,3600.0,10.392312,1565.0,784.5
1,2025-02-19 14:00:00-08:00,25.911001,10.0,-8.060308,22.180216,0.0,0.0,0.0,0.0,0.0,3.0,1015.6,1001.56287,100.0,0.0,3.0,100.0,10.703569,11.200571,9.645029,312.27362,315.0001,319.63553,15.119999,1.0,3600.0,10.3751545,1620.0,710.75
1,2025-02-19 15:00:00-08:00,26.111,10.0,-7.9076576,21.914751,0.0,0.0,0.0,0.0,0.0,0.0,1015.4,1001.3749,8.0,0.0,8.0,0.0,8.4963045,9.085988,11.108798,323.61554,326.3099,304.21576,15.4800005,1.0,3600.0,10.490637,1630.0,570.0
1,2025-02-19 16:00:00-08:00,25.861,10.0,-8.098477,21.868996,0.0,0.0,0.0,0.0,0.0,0.0,1013.9,999.884,4.0,0.0,4.0,0.0,6.162207,6.519877,12.013866,353.29025,353.6599,293.4287,12.959999,1.0,3600.0,10.346283,1615.0,378.75
1,2025-02-19 17:00:00-08:00,23.211,13.0,-6.7530994,18.661781,0.0,0.0,0.0,0.0,0.0,0.0,1013.4,999.2666,12.0,0.0,12.0,0.0,10.853866,16.62249,13.115313,264.2895,265.03033,281.3099,16.56,1.0,3600.0,9.628921,1260.0,161.5
1,2025-02-19 18:00:00-08:00,20.061,14.0,-8.287744,15.63488,0.0,0.0,0.0,0.0,0.0,0.0,1014.0,999.70776,5.0,0.0,5.0,0.0,9.028754,16.039202,9.532384,265.42615,260.9606,297.55273,14.04,0.0,0.0,7.9205246,440.0,9.75
1,2025-02-19 19:00:00-08:00,18.511,15.0,-8.640901,14.402744,0.0,0.0,0.0,0.0,0.0,0.0,1014.2,999.8295,7.0,0.0,7.0,0.0,6.638072,12.979984,9.616991,319.39877,273.17978,313.4519,10.08,0.0,0.0,7.1535196,100.0,0.0
1,2025-02-19 20:00:00-08:00,17.761,16.0,-8.416988,13.370581,0.0,0.0,0.0,0.0,0.0,0.0,1014.2,999.79285,0.0,0.0,0.0,0.0,8.707237,8.217153,6.755419,29.744795,298.8107,315.0001,8.28,0.0,0.0,6.865032,50.0,0.0
1,2025-02-19 21:00:00-08:00,17.761,17.0,-7.6353083,13.440083,0.0,0.0,0.0,0.0,0.0,0.0,1014.3,999.8914,0.0,0.0,0.0,0.0,8.714677,6.12,4.485255,51.709793,298.0724,304.9921,8.64,0.0,0.0,7.0475845,85.0,0.0
1,2025-02-19 22:00:00-08:00,17.611,18.0,-7.016525,13.503456,0.0,0.0,0.0,0.0,0.0,0.0,1014.3,999.88416,0.0,0.0,0.0,0.0,7.653705,6.9527545,3.4664822,41.185837,291.25058,302.00534,7.5599995,0.0,0.0,7.1265383,50.0,0.0
1,2025-02-19 23:00:00-08:00,17.261,19.0,-6.60003,13.268448,0.0,0.0,0.0,0.0,0.0,0.0,1014.3,999.8669,0.0,0.0,0.0,0.0,7.145796,7.342588,2.9624472,49.085716,281.3099,299.74478,7.2,0.0,0.0,7.064494,85.0,0.0
2,2025-02-19 00:00:00-08:00,8.6425,22.0,-11.918707,1.6446104,0.0,0.0,0.0,0.0,0.0,0.0,1016.2,886.29626,12.0,0.0,0.0,12.0,24.717085,32.219494,10.850561,102.619316,103.57046,61.69934,29.16,0.0,0.0,1.5423112,295.0,0.0
2,2025-02-19 01:00:00-08:00,8.4425,24.0,-10.998804,1.6634455,0.0,0.0,0.0,0.0,0.0,0.0,1016.2,886.21136,0.0,0.0,0.0,0.0,23.664352,30.385365,9.186159,103.19062,103.706985,53.13002,28.08,0.0,0.0,1.5765672,295.0,0.0
2,2025-02-19 02:00:00-08:00,8.5425,23.0,-11.447789,2.2397423,0.0,0.0,0.0,0.0,0.0,0.0,1016.3,886.34106,2.0,0.0,0.0,2.0,20.176065,26.208395,7.794714,105.52418,105.945465,44.999897,23.759998,0.0,0.0,1.5605559,80.0,0.0
2,2025-02-19 03:00:00-08:00,8.1425,24.0,-11.254235,1.4342823,0.0,0.0,0.0,0.0,0.0,0.0,1016.0,885.9093,1.0,0.0,0.0,1.0,23.051247,29.175552,5.9815936,104.47034,105.75124,47.489597,26.64,0.0,0.0,1.3625236,300.0,0.0
2,2025-02-19 04:00:00-08:00,8.6425,19.0,-13.732533,2.4921832,0.0,0.0,0.0,0.0,0.0,2.0,1015.5,885.6857,51.0,0.0,0.0,51.0,18.1041,17.208603,7.2936015,107.35411,105.78082,49.085716,18.359999,0.0,0.0,1.2708502,295.0,0.0
2,2025-02-19 05:00:00-08:00,7.6425,20.0,-13.936125,1.8407931,0.0,0.0,0.0,0.0,0.0,0.0,1016.4,886.0447,12.0,0.0,12.0,12.0,15.629972,12.9249525,6.8348975,97.94338,102.87501,53.74608,15.84,0.0,0.0,0.6809888,65.0,0.0
2,2025-02-19 06:00:00-08:00,7.0425,18.0,-15.715576,0.9602885,0.0,0.0,0.0,0.0,0.0,2.0,1016.7,886.0489,64.0,0.0,64.0,6.0,16.87398,17.193533,6.9329643,101.07016,109.57322,57.99466,16.919998,0.0,0.0,0.11651659,60.0,0.0
2,2025-02-19 07:00:00-08:00,8.2925,18.0,-14.6832,1.9321461,0.0,0.0,0.0,0.0,0.0,0.0,1017.6,887.36835,9.0,0.0,9.0,1.0,19.164719,19.881649,8.067101,95.38922,95.19434,59.93151,20.519999,1.0,470.2741,0.9461293,90.0,20.0
2,2025-02-19 08:00:00-08:00,10.1425,25.0,-9.031547,4.3834524,0.0,0.0,0.0,0.0,0.0,3.0,1017.6,888.1518,99.0,0.0,99.0,68.0,17.731598,20.892412,7.0584145,95.82625,91.97489,51.34017,20.519999,1.0,3600.0,2.8881335,110.0,144.5
2,2025-02-19 09:00:00-08:00,13.0425,25.0,-6.556308,7.881695,0.0,0.0,0.0,0.0,0.0,2.0,1017.7,889.4491,58.0,0.0,18.0,58.0,15.188415,17.873556,4.1081753,95.44024,99.27253,63.435013,18.0,1.0,3600.0,4.978484,295.0,342.5
2,2025-02-19 10:00:00-08:00,15.692499,22.0,-5.9871273,12.237705,0.0,0.0,0.0,0.0,0.0,1.0,1017.4,890.27264,24.0,0.0,24.0,3.0,5.1544156,5.937272,3.9745402,102.09474,104.03627,123.6901,6.12,1.0,3600.0,6.460517,555.0,579.25
2,2025-02-19 11:00:00-08:00,16.7425,23.0,-4.51708,14.800116,0.0,0.0,0.0,0.0,0.0,3.0,1017.6,890.87286,100.0,0.0,28.0,100.0,2.1897945,1.484318,4.42464,279.46225,284.03625,184.76355,2.52,1.0,3600.0,7.3460484,845.0,715.0
2,2025-02-19 12:00:00-08:00,16.8425,22.0,-5.0221343,13.365061,0.0,0.0,0.0,0.0,0.0,3.0,1016.6,890.03766,93.0,0.0,23.0,93.0,13.556282,13.627795,5.299387,280.71307,282.20044,236.3099,14.04,1.0,3600.0,7.2625694,970.0,785.25
2,2025-02-19 13:00:00-08:00,17.1425,18.0,-7.400739,13.180279,0.0,0.0,0.0,0.0,0.0,3.0,1016.0,889.633,100.0,0.0,100.0,1.0,15.192682,15.629971,11.053968,283.70697,284.67642,248.5522,15.84,1.0,3600.0,6.815936,970.0,791.0
2,2025-02-19 14:00:00-08:00,17.0425,17.0,-8.220846,12.699135,0.0,0.0,0.0,0.0,0.0,1.0,1015.8,889.4176,34.0,0.0,34.0,0.0,14.578888,15.042659,21.34038,290.22495,291.03757,272.96088,15.119999,1.0,3600.0,6.577939,935.0,715.0
2,2025-02-19 15:00:00-08:00,16.5425,31.0,-0.6599444,12.455212,0.0,0.0,0.0,0.0,0.0,0.0,1015.7,889.12897,9.0,0.0,9.0,0.0,14.003029,14.458382,22.107937,287.96924,288.88617,291.4478,14.4,1.0,3600.0,8.34093,785.0,583.0
2,2025-02-19 16:00:00-08:00,15.2425,49.0,4.5913544,12.11364,0.0,0.0,0.0,0.0,0.0,0.0,1014.5,887.55237,6.0,0.0,6.0,0.0,12.522619,12.641076,13.967795,288.43503,289.9832,296.56497,12.959999,1.0,3600.0,9.494958,585.0,395.0
2,2025-02-19 17:00:00-08:00,13.7925,56.0,5.1638346,11.381022,0.0,0.0,0.0,0.0,0.0,0.0,1014.5,886.96075,0.0,0.0,0.0,0.0,8.427383,8.557102,11.193552,289.9832,292.24908,293.1986,9.72,1.0,3600.0,9.005087,440.0,182.75
2,2025-02-19 18:00:00-08:00,11.2425,61.0,3.99391,9.349853,0.0,0.0,0.0,0.0,0.0,0.0,1014.7,886.08124,0.0,0.0,0.0,0.0,3.219938,2.3051248,11.532198,296.56497,321.34018,292.47946,3.2399998,0.0,208.57138,7.2376795,210.0,17.0
2,2025-02-19 19:00:00-08:00,10.3925,59.0,2.7206595,7.896447,0.0,0.0,0.0,0.0,0.0,0.0,1014.9,885.9004,0.0,0.0,0.0,0.0,5.692099,1.484318,9.389673,124.69522,165.96373,300.57913,5.3999996,0.0,0.0,6.281966,155.0,0.0
2,2025-02-19 20:00:00-08:00,10.1425,53.0,0.9855143,7.6074657,0.0,0.0,0.0,0.0,0.0,0.0,1015.0,885.88257,0.0,0.0,0.0,0.0,3.8939953,1.484318,8.25733,146.3099,284.03625,302.27563,4.32,0.0,0.0,5.500781,180.0,0.0
2,2025-02-19 21:00:00-08:00,9.7925,51.0,0.1282055,7.420639,0.0,0.0,0.0,0.0,0.0,0.0,1015.0,885.73566,0.0,0.0,0.0,0.0,1.835647,1.2979984,9.008059,168.69011,303.6901,281.76825,1.8,0.0,0.0,5.013603,185.0,0.0
2,2025-02-19 22:00:00-08:00,9.2925,49.0,-0.8832291,6.587551,0.0,0.0,0.0,0.0,0.0,0.0,1014.9,885.43744,0.0,0.0,0.0,0.0,3.0758414,3.5455887,10.295058,290.55612,293.9625,272.04535,3.6,0.0,0.0,4.4043865,190.0,0.0
2,2025-02-19 23:00:00-08:00,8.9425,50.0,-0.92944413,6.2464533,0.0,0.0,0.0,0.0,0.0,0.0,1014.9,885.2894,0.0,0.0,0.0,0.0,2.968636,4.3349743,9.539462,255.96373,274.76355,285.6423,4.32,0.0,0.0,4.1919603,180.0,0.0
3,2025-02-19 00:00:00-08:00,17.5255,12.0,-12.2413645,11.945442,0.0,0.0,0.0,0.0,0.0,0.0,1016.8,985.9408,14.0,0.0,0.0,14.0,14.84318,12.413477,6.745419,284.03625,299.5387,330.64233,15.4800005,0.0,0.0,5.9459696,575.0,0.0
3,2025-02-19 01:00:00-08:00,15.5755,18.0,-8.68678,11.167186,0.0,0.0,0.0,0.0,0.0,0.0,1016.5,985.4453,4.0,0.0,0.0,4.0,8.669949,6.0347,7.7512894,4.763556,17.354122,328.5705,8.64,0.0,0.0,5.7769823,35.0,0.0
3,2025-02-19 02:00:00-08:00,14.375501,21.0,-7.6961837,9.922155,0.0,0.0,0.0,0.0,0.0,0.0,1016.9,985.706,14.0,0.0,0.0,14.0,9.585739,10.594036,7.2378535,325.71307,350.21765,336.0375,10.799999,0.0,0.0,5.40541,55.0,0.0
3,2025-02-19 03:00:00-08:00,15.375501,17.0,-9.58057,10.429888,0.0,0.0,0.0,0.0,0.0,1.0,1016.3,985.2302,33.0,0.0,0.0,33.0,11.841756,8.587338,6.427686,289.53674,303.02386,329.03632,11.879999,0.0,0.0,5.488207,70.0,0.0
3,2025-02-19 04:00:00-08:00,15.0755005,15.0,-11.403904,10.590907,0.0,0.0,0.0,0.0,0.0,1.0,1015.9,984.81085,47.0,0.0,0.0,47.0,7.729527,5.3517847,5.462483,297.75842,317.72638,340.3461,7.92,0.0,0.0,4.9752426,60.0,0.0
3,2025-02-19 05:00:00-08:00,15.6755,16.0,-10.10619,11.189342,0.0,0.0,0.0,0.0,0.0,1.0,1016.7,985.6497,27.0,0.0,14.0,27.0,8.4042845,4.68,4.64787,279.86575,270.0,341.56494,8.64,0.0,0.0,5.521888,85.0,0.0
3,2025-02-19 06:00:00-08:00,16.7255,13.0,-11.875015,11.849182,0.0,0.0,0.0,0.0,0.0,1.0,1017.7,986.7299,47.0,0.0,47.0,18.0,10.1887,11.808878,5.4252806,237.99466,217.56866,331.69934,11.879999,0.0,0.0,5.654958,675.0,0.0
3,2025-02-19 07:00:00-08:00,16.1255,14.0,-11.425903,10.591085,0.0,0.0,0.0,0.0,0.0,2.0,1018.6,987.53925,69.0,0.0,69.0,38.0,14.917212,9.504272,5.7514453,289.74692,307.30402,333.43503,14.759999,1.0,0.0,5.466301,505.0,12.5
3,2025-02-19 08:00:00-08:00,17.0255,17.0,-8.234703,12.73081,0.0,0.0,0.0,0.0,0.0,1.0,1018.8,987.8278,48.0,0.0,19.0,48.0,8.161764,5.95906,5.716124,318.57642,334.98312,315.0001,8.28,1.0,3600.0,6.566827,90.0,145.75
3,2025-02-19 09:00:00-08:00,20.3755,18.0,-4.75202,17.187763,0.0,0.0,0.0,0.0,0.0,0.0,1018.7,988.07794,8.0,0.0,8.0,8.0,2.968636,4.6800003,5.196476,284.03625,292.6199,315.0001,6.12,1.0,3600.0,8.959139,255.0,384.5
3,2025-02-19 10:00:00-08:00,22.9755,17.0,-3.3951766,19.994595,0.0,0.0,0.0,0.0,0.0,3.0,1018.1,987.7599,92.0,0.0,30.0,92.0,3.319036,3.8773184,3.6375332,40.601215,21.801476,315.0001,6.12,1.0,3600.0,10.455378,775.0,565.0
3,2025-02-19 11:00:00-08:00,24.1255,10.0,-9.424384,21.00029,0.0,0.0,0.0,0.0,0.0,3.0,1018.1,987.87506,92.0,0.0,92.0,5.0,1.8,1.5273507,4.1081753,126.86999,135.0001,280.30478,3.2399998,1.0,3600.0,9.344107,1240.0,601.0
3,2025-02-19 12:00:00-08:00,25.425499,9.0,-9.777042,22.145018,0.0,0.0,0.0,0.0,0.0,3.0,1016.5,986.45184,89.0,0.0,89.0,77.0,5.2416787,4.802999,1.6432703,105.945465,102.99462,206.56499,5.04,1.0,3600.0,9.779315,1325.0,664.0
3,2025-02-19 13:00:00-08:00,26.425499,8.0,-10.5186615,23.706228,1.0,0.0,0.0,0.0,0.0,0.0,1015.8,985.871,5.0,0.0,5.0,0.0,5.1919937,5.634891,0.7348927,33.6901,26.564985,180.0,6.8399997,1.0,3600.0,10.006054,1460.0,760.75
3,2025-02-19 14:00:00-08:00,26.8755,7.0,-11.861745,23.536947,0.0,0.0,0.0,0.0,0.0,2.0,1015.6,985.72095,72.0,0.0,72.0,0.0,4.6938257,5.315336,1.1023391,32.471172,28.30066,90.0,7.5599995,1.0,3600.0,9.901356,1610.0,665.5
3,2025-02-19 15:00:00-08:00,27.175499,7.0,-11.641709,23.093904,0.0,0.0,0.0,0.0,0.0,1.0,1015.3,985.459,32.0,0.0,32.0,0.0,4.8433046,5.3517847,1.978759,48.01287,42.27363,201.80147,10.08,1.0,3600.0,10.0625725,1675.0,505.75
3,2025-02-19 16:00:00-08:00,26.675499,8.0,-10.332536,21.602062,0.0,0.0,0.0,0.0,0.0,0.0,1014.2,984.3424,0.0,0.0,0.0,0.0,12.303366,16.267857,2.142562,339.44388,335.13632,210.96368,16.919998,1.0,3600.0,10.143896,1845.0,380.75
3,2025-02-19 17:00:00-08:00,24.825499,10.0,-8.889331,20.712414,0.0,0.0,0.0,0.0,0.0,0.0,1013.9,983.8692,0.0,0.0,0.0,0.0,6.519877,9.3669195,1.8736161,276.3401,267.79745,191.30989,9.72,1.0,3600.0,9.7483425,1540.0,173.0
3,2025-02-19 18:00:00-08:00,21.7755,12.0,-8.913137,17.248638,0.0,0.0,0.0,0.0,0.0,0.0,1014.1,983.7581,0.0,0.0,0.0,0.0,9.346143,9.779817,4.485255,285.6423,276.3401,145.0079,10.440001,0.0,168.27322,8.50264,565.0,15.0
3,2025-02-19 19:00:00-08:00,19.7255,11.0,-11.610058,14.809183,0.0,0.0,0.0,0.0,0.0,0.0,1014.3,983.74365,0.0,0.0,0.0,0.0,10.587918,11.159999,4.7909145,215.3113,180.0,147.52882,11.159999,0.0,0.0,7.0393,175.0,0.0
3,2025-02-19 20:00:00-08:00,18.7755,12.0,-11.261188,14.795944,0.0,0.0,0.0,0.0,0.0,0.0,1014.2,983.5493,3.0,0.0,3.0,0.0,4.3349743,3.319036,1.8372318,221.63345,192.5288,143.13002,4.68,0.0,0.0,6.6980534,345.0,0.0
3,2025-02-19 21:00:00-08:00,18.0255,23.0,-3.4359167,14.53216,0.0,0.0,0.0,0.0,0.0,0.0,1014.1,983.3746,0.0,0.0,0.0,0.0,6.130579,5.3999996,3.3876882,273.3664,270.0,319.39877,6.12,0.0,0.0,8.251029,215.0,0.0
3,2025-02-19 22:00:00-08:00,17.675499,26.0,-2.0803459,14.550468,0.0,0.0,0.0,0.0,0.0,0.0,1013.9,983.1444,0.0,0.0,0.0,0.0,4.802999,3.6,5.196476,257.00537,233.13002,315.0001,4.68,0.0,0.0,8.470321,305.0,0.0
3,2025-02-19 23:00:00-08:00,17.3755,19.0,-6.5055637,13.604372,0.0,0.0,0.0,0.0,0.0,0.0,1013.8,983.0164,0.0,0.0,0.0,0.0,5.6920996,2.3051248,6.8348975,288.43503,231.34016,323.74606,5.7599998,0.0,0.0,7.1414375,310.0,0.0
4,2025-02-19 00:00:00-08:00,10.1735,90.0,8.606214,8.910937,0.0,0.0,0.0,0.0,0.0,0.0,1017.6,1003.36383,3.0,3.0,0.0,1.0,6.151683,5.1165614,0.51964766,20.556128,50.710617,224.9999,6.4799995,0.0,0.0,9.090629,45.0,0.0
4,2025-02-19 01:00:00-08:00,9.8735,85.0,7.4697247,8.4900055,0.0,0.0,0.0,0.0,0.0,0.0,1017.5,1003.2502,4.0,0.0,0.0,4.0,5.00128,9.746631,1.0392953,59.743652,94.23632,315.0001,8.64,0.0,0.0,8.297636,45.0,0.0
4,2025-02-19 02:00:00-08:00,10.1735,78.0,6.508335,8.396074,0.0,0.0,0.0,0.0,0.0,0.0,1017.1,1002.87085,3.0,0.0,0.0,3.0,6.130579,6.151683,0.36744636,356.6336,69.44387,360.0,6.12,0.0,0.0,7.899353,25.0,0.0
4,2025-02-19 03:00:00-08:00,9.5234995,78.0,5.876992,7.226865,0.0,0.0,0.0,0.0,0.0,1.0,1017.0,1002.73987,27.0,27.0,0.0,5.0,8.707238,7.289445,2.9624472,7.12493,57.094753,172.87508,9.0,0.0,0.0,7.278804,25.0,0.0
4,2025-02-19 04:00:00-08:00,10.1735,73.0,5.54891,8.1278515,0.0,0.0,0.0,0.0,0.0,0.0,1017.1,1002.87085,8.0,0.0,0.0,8.0,6.489992,3.8268526,3.1608932,19.440128,131.18582,215.53777,6.12,0.0,0.0,7.414131,30.0,0.0
4,2025-02-19 05:00:00-08:00,9.3735,78.0,5.7312903,7.251299,0.0,0.0,0.0,0.0,0.0,2.0,1018.1,1003.8167,65.0,0.0,3.0,65.0,7.289444,6.5693827,1.5150201,69.775055,99.46225,194.03627,7.92,0.0,0.0,7.135601,65.0,0.0
4,2025-02-19 06:00:00-08:00,8.8235,83.0,6.0940614,6.9061785,0.0,0.0,0.0,0.0,0.0,2.0,1018.4,1004.0852,66.0,14.0,7.0,66.0,6.439876,7.342588,2.142562,63.435013,101.3099,239.0363,8.64,0.0,0.0,7.084339,75.0,0.0
4,2025-02-19 07:00:00-08:00,8.7734995,87.0,6.728737,6.9315815,0.0,0.0,0.0,0.0,0.0,3.0,1018.7,1004.3785,99.0,10.0,99.0,87.0,6.924738,4.379589,0.36744636,8.97255,99.46225,90.0,6.8399997,1.0,0.0,7.42013,40.0,3.5
4,2025-02-19 08:00:00-08:00,10.9235,95.0,10.1535225,10.45892,0.0,0.0,0.0,0.0,0.0,3.0,1019.1,1004.88007,88.0,9.0,88.0,14.0,3.6,6.3690495,1.4697855,53.13002,132.70937,90.0,6.8399997,1.0,0.0,10.346041,30.0,94.25
4,2025-02-19 09:00:00-08:00,13.7734995,80.0,10.383173,13.451704,0.0,0.0,0.0,0.0,0.0,2.0,1019.6,1005.51337,56.0,0.0,29.0,56.0,3.0758414,5.0528407,2.6750498,69.44387,85.91447,195.94547,7.92,1.0,3600.0,11.55147,135.0,316.25
4,2025-02-19 10:00:00-08:00,15.7734995,62.0,8.508068,15.062433,0.0,0.0,0.0,0.0,0.0,1.0,1019.6,1005.61,45.0,0.0,1.0,45.0,2.1897945,2.5455842,2.798388,80.53775,81.86999,156.80138,3.96,1.0,3600.0,11.43874,250.0,498.5
4,2025-02-19 11:00:00-08:00,17.5235,65.0,10.870075,18.165165,0.0,0.0,0.0,0.0,0.0,0.0,1019.7,1005.79236,7.0,2.0,7.0,0.0,2.5455842,2.5455842,8.058728,224.9999,224.9999,245.77226,2.8799999,1.0,3600.0,13.380802,370.0,661.75
4,2025-02-19 12:00:00-08:00,19.073502,73.0,14.1212845,20.701958,0.0,0.0,0.0,0.0,0.0,0.0,1018.4,1004.583,15.0,9.0,15.0,0.0,5.95906,6.763786,13.595515,244.98314,244.7989,251.07526,6.8399997,1.0,3600.0,15.785021,430.0,735.25
4,2025-02-19 13:00:00-08:00,20.823502,60.0,12.7739935,21.512102,1.0,0.0,0.0,0.0,0.0,0.0,1017.8,1004.0728,3.0,3.0,0.0,0.0,9.085988,10.1887,13.360099,236.3099,237.99466,238.49579,10.440001,1.0,3600.0,15.74975,495.0,743.75
4,2025-02-19 14:00:00-08:00,21.8735,49.0,10.680282,21.539894,0.0,0.0,0.0,0.0,0.0,0.0,1017.4,1003.72675,2.0,2.0,0.0,0.0,9.085988,10.685391,13.314544,236.3099,237.38077,230.59937,11.159999,1.0,3600.0,15.1678505,660.0,682.5
4,2025-02-19 15:00:00-08:00,21.223501,53.0,11.263198,20.06205,0.0,0.0,0.0,0.0,0.0,0.0,1017.0,1003.3021,6.0,6.0,0.0,0.0,10.829959,12.661564,13.455763,254.57777,255.17348,235.0079,12.599999,1.0,3600.0,15.165226,670.0,555.25
4,2025-02-19 16:00:00-08:00,20.5235,52.0,10.329116,19.154081,0.0,0.0,0.0,0.0,0.0,0.0,1016.0,1002.28314,2.0,2.0,0.0,0.0,10.137692,12.0694,13.314544,253.49556,252.64589,230.59937,11.879999,1.0,3600.0,14.420296,620.0,384.75
4,2025-02-19 17:00:00-08:00,18.8735,55.0,9.637164,17.39591,0.0,0.0,0.0,0.0,0.0,0.0,1015.9,1002.1077,0.0,0.0,0.0,0.0,9.531505,12.074766,13.831805,259.1145,259.69522,230.38934,12.24,1.0,3600.0,13.369743,490.0,187.0
4,2025-02-19 18:00:00-08:00,15.7734995,65.0,9.208023,14.413467,0.0,0.0,0.0,0.0,0.0,0.0,1016.5,1002.55255,0.0,0.0,0.0,0.0,7.92,12.964998,12.514771,270.0,271.5911,229.76372,12.959999,0.0,295.83975,11.77828,125.0,21.75
4,2025-02-19 19:00:00-08:00,13.7235,77.0,9.762949,12.726027,0.0,0.0,0.0,0.0,0.0,0.0,1016.5,1002.4536,0.0,0.0,0.0,0.0,6.489992,10.948973,10.681254,273.17978,279.46225,229.18501,11.159999,0.0,0.0,11.181175,60.0,0.0
4,2025-02-19 20:00:00-08:00,12.4735,84.0,9.843488,11.80666,0.0,0.0,0.0,0.0,0.0,0.0,1016.8,1002.68866,0.0,0.0,0.0,0.0,4.379589,9.028754,5.608825,260.53775,265.42615,211.60745,9.36,0.0,0.0,10.722104,70.0,0.0
4,2025-02-19 21:00:00-08:00,11.6735,82.0,8.702825,10.923455,0.0,0.0,0.0,0.0,0.0,0.0,1016.6,1002.4521,0.0,0.0,0.0,0.0,2.8116899,6.638072,2.6750498,230.19447,220.60121,195.94547,7.2,0.0,0.0,9.740113,85.0,0.0
4,2025-02-19 22:00:00-08:00,11.1735,87.0,9.089736,10.4853325,0.0,0.0,0.0,0.0,0.0,0.0,1016.7,1002.5262,3.0,3.0,0.0,0.0,3.096837,6.379216,4.470178,144.46223,163.61038,170.53775,6.8399997,0.0,0.0,9.766987,85.0,0.0
4,2025-02-19 23:00:00-08:00,10.5234995,89.0,8.786367,9.970867,0.0,0.0,0.0,0.0,0.0,0.0,1016.5,1002.2966,2.0,2.0,0.0,0.0,1.609969,6.28713,4.189533,153.43501,156.3706,164.74483,3.6,0.0,0.0,9.33378,80.0,0.0
5,2025-02-19 00:00:00-08:00,9.1195,80.0,5.8501577,7.220826,1.0,0.0,0.0,0.0,0.0,0.0,1022.4,1010.23663,18.0,15.0,5.0,18.0,5.937272,10.661107,5.462483,104.03627,101.68935,70.346085,9.36,0.0,0.0,7.0833006,40.0,0.0
5,2025-02-19 01:00:00-08:00,8.5695,83.0,5.845534,6.987499,1.0,0.0,0.0,0.0,0.0,3.0,1022.6,1010.41064,86.0,3.0,1.0,86.0,3.7585104,10.483357,4.0585775,163.30067,164.05453,84.805664,8.28,0.0,0.0,6.8384943,45.0,0.0
5,2025-02-19 02:00:00-08:00,8.419499,80.0,5.1681666,7.021574,1.0,0.0,0.0,0.0,0.0,2.0,1022.4,1010.2068,79.0,1.0,1.0,79.0,1.484318,5.4833565,1.8372318,14.036275,203.19862,53.13002,3.96,0.0,0.0,6.4112453,40.0,0.0
5,2025-02-19 03:00:00-08:00,7.8195,82.0,4.937532,5.586116,1.0,0.0,0.0,0.0,0.0,1.0,1022.0,1009.78546,20.0,0.0,20.0,6.0,6.8777895,3.563818,3.957518,42.878906,315.0001,68.19853,6.8399997,0.0,0.0,6.0197678,40.0,0.0
5,2025-02-19 04:00:00-08:00,7.7695,86.0,5.574018,5.9463043,1.0,0.0,0.0,0.0,0.0,3.0,1021.5,1009.2893,94.0,5.0,94.0,6.0,5.00128,2.6208394,3.7472322,120.256355,344.05453,101.3099,5.04,0.0,0.0,6.34429,25.0,0.0
5,2025-02-19 05:00:00-08:00,7.7695,85.0,5.4053674,5.522793,1.0,0.0,0.0,0.0,0.0,3.0,1021.4,1009.19055,99.0,3.0,99.0,9.0,7.653705,6.193674,10.209456,138.81418,144.46223,120.256355,10.799999,0.0,0.0,6.2505703,30.0,0.0
5,2025-02-19 06:00:00-08:00,7.9195,83.0,5.2095146,6.2982683,4.0,0.0,0.0,0.0,0.0,3.0,1022.0,1009.79,99.0,0.0,99.0,1.0,3.0758414,8.942214,14.830456,159.44388,220.10085,138.01286,6.12,0.0,0.0,6.209361,35.0,0.0
5,2025-02-19 07:00:00-08:00,8.0695,83.0,5.3562903,5.583723,1.0,0.0,0.0,0.0,0.0,3.0,1022.0,1009.79626,98.0,50.0,4.0,98.0,9.220499,16.375053,15.243488,141.34016,146.65927,164.62369,15.119999,1.0,0.0,6.3545456,45.0,3.75
5,2025-02-19 08:00:00-08:00,9.3195,81.0,6.225059,7.413019,2.0,0.0,0.0,0.0,0.0,2.0,1022.5,1010.344,72.0,39.0,72.0,10.0,6.5693827,13.363711,14.475707,170.53775,175.36462,156.0375,18.0,1.0,3108.065,7.3713875,155.0,100.25
5,2025-02-19 09:00:00-08:00,10.7695,79.0,7.2733855,8.728967,0.0,0.0,0.0,0.0,0.0,3.0,1023.2,1011.0975,98.0,51.0,98.0,98.0,9.178235,12.261157,9.208179,138.17992,139.76372,151.38963,15.119999,1.0,3600.0,8.567766,195.0,224.25
5,2025-02-19 10:00:00-08:00,12.5695,74.0,8.057893,10.809913,0.0,0.0,0.0,0.0,0.0,3.0,1022.7,1010.679,98.0,50.0,98.0,98.0,8.587338,10.587918,9.075256,123.02387,125.311295,111.3707,14.4,1.0,3600.0,9.771215,340.0,358.0
5,2025-02-19 11:00:00-08:00,14.8195,69.0,9.18554,13.545502,0.0,0.0,0.0,0.0,0.0,3.0,1021.5,1009.58624,100.0,7.0,0.0,100.0,7.289444,8.766573,6.417175,159.77505,160.82089,113.62939,11.159999,1.0,3600.0,11.344202,440.0,531.5
5,2025-02-19 12:00:00-08:00,16.6695,63.0,9.592558,16.917274,0.0,0.0,0.0,0.0,0.0,3.0,1021.4,1009.5628,96.0,3.0,0.0,96.0,2.8116899,2.8116899,2.323935,129.80553,129.80553,108.43504,3.2399998,1.0,3600.0,12.366518,530.0,664.5
5,2025-02-19 13:00:00-08:00,18.0695,56.0,9.156044,17.989943,0.0,0.0,0.0,0.0,0.0,3.0,1020.6,1008.82874,89.0,4.0,0.0,89.0,5.0142193,5.4833565,0.8216351,68.96242,66.801384,333.43503,6.12,1.0,3600.0,12.785454,640.0,687.5
5,2025-02-19 14:00:00-08:00,19.0195,52.0,8.938906,18.541103,1.0,0.0,0.0,0.0,0.0,0.0,1020.3,1008.57025,19.0,3.0,0.0,19.0,5.6233797,6.1305785,3.6744635,50.194473,49.76371,323.13,8.64,1.0,3600.0,13.114687,795.0,649.0
5,2025-02-19 15:00:00-08:00,19.719501,49.0,8.703782,18.16032,1.0,0.0,0.0,0.0,0.0,0.0,1020.3,1008.5982,0.0,0.0,0.0,0.0,8.350138,10.1376915,9.127178,7.4313188,6.1154146,319.89914,14.4,1.0,3600.0,13.325111,865.0,546.25
5,2025-02-19 16:00:00-08:00,19.4195,46.0,7.4991612,17.018833,1.0,0.0,0.0,0.0,0.0,0.0,1019.3,1007.59753,0.0,0.0,0.0,0.0,12.015589,15.683776,18.019863,351.38443,350.75397,320.79282,16.919998,1.0,3600.0,12.668898,780.0,371.25
5,2025-02-19 17:00:00-08:00,18.4195,51.0,8.097898,16.201546,0.0,0.0,0.0,0.0,0.0,0.0,1019.0,1007.2612,0.0,0.0,0.0,0.0,11.792404,18.079027,26.215181,347.66092,347.34744,328.76083,20.16,1.0,3600.0,12.467409,690.0,193.75
5,2025-02-19 18:00:00-08:00,15.6195,59.0,7.6329236,13.871796,0.0,0.0,0.0,0.0,0.0,0.0,1019.3,1007.4445,0.0,0.0,0.0,0.0,7.771331,21.96,26.399942,346.60748,349.6112,325.2039,18.0,0.0,672.92444,10.960311,320.0,26.75
5,2025-02-19 19:00:00-08:00,13.8695,60.0,6.232543,11.645206,0.0,0.0,0.0,0.0,0.0,0.0,1019.3,1007.3727,2.0,0.0,0.0,2.0,8.759178,28.594517,26.507122,350.53775,349.11453,316.1232,24.48,0.0,0.0,9.500853,130.0,0.0
5,2025-02-19 20:00:00-08:00,13.0695,72.0,8.136194,10.887443,0.0,0.0,0.0,0.0,0.0,0.0,1019.7,1007.73517,0.0,0.0,0.0,0.0,11.620809,32.83705,30.663614,343.8107,344.7448,315.97092,28.08,0.0,0.0,10.033152,160.0,0.0
5,2025-02-19 21:00:00-08:00,12.669499,71.0,7.5462494,10.041868,0.0,0.0,0.0,0.0,0.0,0.0,1019.5,1007.5206,0.0,0.0,0.0,0.0,13.661038,35.864742,31.46551,341.56494,340.65558,317.36627,31.319998,0.0,0.0,9.554583,200.0,0.0
5,2025-02-19 22:00:00-08:00,11.919499,74.0,7.4306073,9.282969,0.0,0.0,0.0,0.0,0.0,0.0,1019.8,1007.7859,0.0,0.0,0.0,0.0,13.527572,33.231335,29.118822,334.79892,337.04587,312.9546,29.16,0.0,0.0,9.157967,225.0,0.0
5,2025-02-19 23:00:00-08:00,11.4695,80.0,8.1393385,8.795001,0.0,0.0,0.0,0.0,0.0,0.0,1019.8,1007.76715,0.0,0.0,0.0,0.0,15.0038395,33.00436,28.86969,329.74365,333.43503,312.4208,28.44,0.0,0.0,9.339474,235.0,0.0
6,2025-02-19 00:00:00-08:00,9.3975,75.0,5.1891427,7.113085,1.0,0.0,0.0,0.0,0.0,2.0,1022.0,1018.05475,64.0,0.0,54.0,64.0,7.5942073,13.049689,3.1394632,264.55975,294.44394,249.44386,13.32,0.0,0.0,6.8731174,85.0,0.0
6,2025-02-19 01:00:00-08:00,9.3475,78.0,5.706035,7.7028856,1.0,0.0,0.0,0.0,0.0,3.0,1021.5,1017.5561,99.0,0.0,99.0,6.0,3.9763298,5.1165614,6.2357717,264.80566,309.28937,135.0001,5.04,0.0,0.0,7.110779,155.0,0.0
6,2025-02-19 02:00:00-08:00,9.1475,80.0,5.8774357,7.4066763,1.0,0.0,0.0,0.0,0.0,3.0,1021.3,1017.35394,99.0,0.0,99.0,31.0,4.896529,9.605998,9.893796,252.89719,257.00537,158.19853,7.92,0.0,0.0,7.110183,65.0,0.0
6,2025-02-19 03:00:00-08:00,8.8475,82.0,5.9419994,7.299755,3.0,0.0,0.0,0.0,0.0,3.0,1021.2,1017.2501,81.0,81.0,38.0,3.0,3.671294,6.162207,1.6432703,258.6901,263.29025,206.56499,6.4799995,0.0,0.0,7.012121,40.0,0.0
6,2025-02-19 04:00:00-08:00,8.6975,83.0,5.970778,6.9622326,1.0,0.0,0.0,0.0,0.0,3.0,1020.7,1016.75024,87.0,0.0,87.0,5.0,5.00128,5.95906,9.700862,239.74365,205.01686,127.30403,6.12,0.0,0.0,6.962385,35.0,0.0
6,2025-02-19 05:00:00-08:00,8.0975,83.0,5.38369,6.210614,0.0,0.0,0.0,0.0,0.0,1.0,1020.5,1016.54236,48.0,48.0,19.0,0.0,5.154415,8.78872,6.417175,245.22488,235.0079,256.75946,8.64,0.0,0.0,6.381647,40.0,0.0
6,2025-02-19 06:00:00-08:00,7.6475,80.0,4.4159713,5.039341,1.0,0.0,0.0,0.0,0.0,0.0,1020.8,1016.83514,16.0,16.0,0.0,0.0,8.707237,10.041354,8.648661,299.74478,284.5345,282.26477,10.440001,0.0,0.0,5.670063,80.0,0.0
6,2025-02-19 07:00:00-08:00,7.4474998,88.0,5.5889454,5.3916883,1.0,0.0,0.0,0.0,0.0,3.0,1021.3,1017.33026,100.0,100.0,0.0,1.0,6.6185193,9.904906,5.3500996,247.61981,250.9064,254.05453,9.72,1.0,0.0,6.217128,55.0,0.0
6,2025-02-19 08:00:00-08:00,9.0975,85.0,6.708384,7.2521954,1.0,0.0,0.0,0.0,0.0,2.0,1021.9,1017.9509,79.0,79.0,0.0,4.0,6.9153743,18.837322,7.855105,218.65984,243.9247,190.78426,20.16,1.0,187.20164,7.542635,95.0,42.5
6,2025-02-19 09:00:00-08:00,11.497499,87.0,9.408442,10.157699,4.0,0.0,0.0,0.0,0.0,3.0,1022.3,1018.3826,100.0,100.0,0.0,24.0,8.161764,14.4,10.3473835,228.57643,233.13002,173.8846,19.8,1.0,3600.0,10.083811,295.0,212.75
6,2025-02-19 10:00:00-08:00,13.0475,87.0,10.933029,11.144409,14.0,0.0,0.0,0.0,0.0,3.0,1022.5,1018.6033,100.0,100.0,0.0,42.0,15.03835,22.915916,13.550753,222.08908,223.72705,167.4712,27.72,1.0,3033.3633,11.599482,540.0,286.0
6,2025-02-19 11:00:00-08:00,12.9475,91.0,11.5128355,10.6924,9.0,0.0,0.0,0.0,0.0,3.0,1021.6,1017.70514,94.0,94.0,0.0,19.0,18.671474,27.558228,11.602231,236.0035,236.7251,169.04597,32.039997,1.0,1046.6307,11.930553,485.0,311.0
6,2025-02-19 12:00:00-08:00,12.6475,93.0,11.544701,10.305415,4.0,0.0,0.0,0.0,0.0,3.0,1022.9,1018.99634,100.0,100.0,0.0,15.0,19.33639,27.811018,8.7341,245.82089,248.74942,194.62091,34.2,1.0,0.0,11.848631,545.0,218.25
6,2025-02-19 13:00:00-08:00,12.997499,97.0,12.532205,11.0933,3.0,0.0,0.0,0.0,0.0,3.0,1022.7,1018.80194,100.0,100.0,0.0,0.0,18.511143,26.111792,7.863695,283.49576,285.18588,232.59457,27.72,1.0,0.0,12.630085,480.0,302.5
6,2025-02-19 14:00:00-08:00,13.0475,97.0,12.582025,11.439212,1.0,0.0,0.0,0.0,0.0,2.0,1021.8,1017.90594,72.0,72.0,0.0,2.0,16.595179,21.659918,11.444052,282.5288,285.4222,264.47256,21.96,1.0,3600.0,12.68012,440.0,493.75
6,2025-02-19 15:00:00-08:00,12.997499,96.0,12.374287,11.787008,0.0,0.0,0.0,0.0,0.0,3.0,1022.0,1018.1046,92.0,92.0,0.0,0.0,13.397612,17.057314,10.029334,276.17007,277.2749,278.42688,17.28,1.0,0.0,12.521187,415.0,260.5
6,2025-02-19 16:00:00-08:00,12.4475,97.0,11.9842005,10.853809,0.0,0.0,0.0,0.0,0.0,1.0,1021.2,1017.2999,42.0,42.0,0.0,3.0,15.158522,20.275383,10.314711,274.08554,276.11542,274.08554,20.16,1.0,3600.0,12.079683,370.0,279.25
6,2025-02-19 17:00:00-08:00,11.497499,97.0,11.037636,9.447458,0.0,0.0,0.0,0.0,0.0,3.0,1021.8,1017.8845,100.0,19.0,0.0,100.0,16.263872,22.91026,10.45125,275.0795,278.13,259.8754,23.039999,1.0,3600.0,11.128988,335.0,179.0
6,2025-02-19 18:00:00-08:00,10.5975,96.0,9.985901,8.140149,0.0,0.0,0.0,0.0,0.0,2.0,1022.4,1018.4702,59.0,23.0,0.0,59.0,16.93531,25.40743,9.302999,272.43658,277.32632,260.9098,25.56,0.0,144.47197,10.124638,245.0,35.75
6,2025-02-19 19:00:00-08:00,10.3975,96.0,9.786864,8.242977,0.0,0.0,0.0,0.0,0.0,1.0,1022.4,1018.4673,28.0,28.0,0.0,0.0,14.471821,23.83896,8.379066,275.7105,284.87573,254.74483,23.759998,0.0,0.0,9.924925,170.0,0.0
6,2025-02-19 20:00:00-08:00,10.1475,93.0,9.066115,8.171281,0.0,0.0,0.0,0.0,0.0,0.0,1023.1,1019.161,6.0,6.0,0.0,0.0,11.885453,15.111424,6.9911437,268.26434,282.38074,273.01273,15.84,0.0,0.0,9.368866,150.0,0.0
6,2025-02-19 21:00:00-08:00,9.997499,90.0,8.432385,7.9456215,0.0,0.0,0.0,0.0,0.0,0.0,1022.9,1018.9599,0.0,0.0,0.0,0.0,11.252519,13.527572,7.1345177,277.3523,295.20108,281.88864,15.119999,0.0,0.0,8.917267,225.0,0.0
6,2025-02-19 22:00:00-08:00,9.6975,89.0,7.9716287,7.3459854,0.0,0.0,0.0,0.0,0.0,0.0,1022.8,1018.8558,0.0,0.0,0.0,0.0,12.496719,16.263872,9.2155075,281.6336,297.69937,293.49857,16.199999,0.0,0.0,8.522106,225.0,0.0
6,2025-02-19 23:00:00-08:00,9.0475,86.0,6.8296847,7.0271664,0.0,0.0,0.0,0.0,0.0,0.0,1022.8,1018.84686,0.0,0.0,0.0,0.0,8.311245,8.4963045,14.193135,265.03033,306.38446,338.74942,9.36,0.0,0.0,7.590872,245.0,0.0
7,2025-02-19 00:00:00-08:00,11.2065,74.0,6.7424593,9.483673,1.0,0.0,0.0,0.0,0.0,3.0,1021.5,1021.132,99.0,0.0,99.0,98.0,6.1305785,11.681987,3.485902,139.76372,123.690094,198.43504,10.440001,0.0,0.0,8.485278,35.0,0.0
7,2025-02-19 01:00:00-08:00,10.5065,84.0,7.916619,8.95369,1.0,0.0,0.0,0.0,0.0,3.0,1021.5,1021.13104,99.0,0.0,99.0,98.0,6.9247384,20.188908,8.7341,207.89717,211.13892,165.37909,17.28,0.0,0.0,8.813273,45.0,0.0
7,2025-02-19 02:00:00-08:00,10.606501,83.0,7.8384933,9.008432,1.0,0.0,0.0,0.0,0.0,3.0,1021.0,1020.6312,99.0,0.0,99.0,98.0,7.10031,18.72346,15.190253,149.53453,178.89832,147.84773,15.84,0.0,0.0,8.810093,50.0,0.0
7,2025-02-19 03:00:00-08:00,10.606501,80.0,7.2987385,8.450965,1.0,0.0,0.0,0.0,0.0,3.0,1021.2,1020.8312,93.0,0.0,93.0,77.0,10.009036,24.014996,20.947666,142.3057,167.00539,142.12495,20.519999,0.0,0.0,8.510933,85.0,0.0
7,2025-02-19 04:00:00-08:00,10.356501,78.0,6.6860743,8.066227,4.0,0.0,0.0,0.0,0.0,3.0,1020.7,1020.3311,99.0,0.0,99.0,98.0,9.931042,26.865265,16.317268,226.46873,212.4123,172.23492,21.96,0.0,0.0,8.07406,95.0,0.0
7,2025-02-19 05:00:00-08:00,10.106501,80.0,6.8116817,8.015557,1.0,0.0,0.0,0.0,0.0,3.0,1019.9,1019.531,93.0,0.0,93.0,77.0,8.766573,22.26477,30.070045,160.82089,194.03627,147.47513,15.84,0.0,0.0,8.030896,100.0,0.0
7,2025-02-19 06:00:00-08:00,9.2065,83.0,6.4687996,7.683941,1.0,0.0,0.0,0.0,0.0,0.0,1019.9,1019.52985,3.0,0.0,3.0,2.0,4.32,22.346113,25.150623,180.0,177.22984,205.06743,15.84,0.0,0.0,7.455043,90.0,0.0
7,2025-02-19 07:00:00-08:00,8.4065,87.0,6.3676686,6.456465,1.0,0.0,0.0,0.0,0.0,0.0,1020.3,1019.92865,0.0,0.0,0.0,0.0,7.0911775,20.61766,27.006683,203.9625,204.77512,194.98167,18.0,1.0,0.0,7.0612564,60.0,1.0
7,2025-02-19 08:00:00-08:00,10.0565,89.0,8.325739,8.6715145,2.0,0.0,0.0,0.0,0.0,3.0,1021.0,1020.6306,83.0,0.0,83.0,2.0,6.489992,19.881649,25.053806,183.17976,211.67543,175.79472,15.119999,1.0,2524.0999,8.87488,130.0,79.25
7,2025-02-19 09:00:00-08:00,12.3065,77.0,8.389209,10.466845,2.0,0.0,0.0,0.0,0.0,0.0,1021.6,1021.2333,2.0,0.0,0.0,2.0,9.72,11.252519,21.691788,180.0,187.35228,190.73885,18.359999,1.0,3600.0,9.832288,320.0,262.25
7,2025-02-19 10:00:00-08:00,13.4565,72.0,8.508419,11.267949,7.0,0.0,0.0,0.0,0.0,0.0,1021.6,1021.23486,5.0,0.0,0.0,5.0,12.324414,15.158522,20.658852,173.29025,175.91446,174.89792,20.519999,1.0,3600.0,10.396006,415.0,434.75
7,2025-02-19 11:00:00-08:00,15.106501,76.0,10.906552,13.703405,24.0,0.0,0.0,0.0,0.0,3.0,1021.0,1020.6371,100.0,100.0,0.0,2.0,11.726277,14.458382,16.93844,197.87878,198.88618,183.73132,22.68,1.0,3600.0,12.386658,470.0,554.5
7,2025-02-19 12:00:00-08:00,15.0565,83.0,12.191066,13.648897,21.0,0.0,0.0,0.0,0.0,3.0,1021.8,1021.43677,100.0,100.0,0.0,0.0,14.336861,19.174856,18.405357,218.8845,219.6678,183.43356,21.24,1.0,3600.0,13.117182,560.0,341.5
7,2025-02-19 13:00:00-08:00,15.0065,81.0,11.771914,13.6859,7.0,0.0,0.0,0.0,0.0,3.0,1021.9,1021.53674,91.0,91.0,0.0,0.0,12.819235,17.610588,19.916813,218.15727,220.85529,209.8759,22.68,1.0,0.0,12.846313,685.0,175.0
7,2025-02-19 14:00:00-08:00,15.5065,81.0,12.259445,14.241129,4.0,0.0,0.0,0.0,0.0,3.0,1021.0,1020.6377,89.0,89.0,0.0,0.0,13.513193,17.654688,23.242252,228.23979,230.7928,219.22566,18.359999,1.0,1290.4794,13.327665,895.0,253.75
7,2025-02-19 15:00:00-08:00,15.856501,79.0,12.219843,14.712076,2.0,0.0,0.0,0.0,0.0,3.0,1021.0,1020.63806,83.0,83.0,0.0,0.0,12.594856,15.683774,22.784637,210.96368,211.86594,232.206,15.84,1.0,3600.0,13.438015,910.0,360.0
7,2025-02-19 16:00:00-08:00,16.0065,79.0,12.365656,15.086164,1.0,0.0,0.0,0.0,0.0,3.0,1020.3,1019.93854,85.0,85.0,0.0,0.0,11.384199,14.24163,16.321404,198.43504,200.72563,238.81508,14.759999,1.0,3600.0,13.581621,895.0,361.0
7,2025-02-19 17:00:00-08:00,15.4065,81.0,12.161941,14.699104,2.0,0.0,0.0,0.0,0.0,2.0,1020.9,1020.53735,75.0,75.0,0.0,0.0,9.47012,13.627795,12.23657,188.74608,192.20045,221.34767,14.4,1.0,3600.0,13.231396,835.0,191.25
7,2025-02-19 18:00:00-08:00,13.356501,89.0,11.580471,12.679714,1.0,0.0,0.0,0.0,0.0,1.0,1021.1,1020.7347,25.0,25.0,0.0,0.0,7.9932976,15.517629,11.619674,172.23492,183.99083,214.69522,13.679999,0.0,1004.0916,12.11763,430.0,32.25
7,2025-02-19 19:00:00-08:00,12.3065,91.0,10.87899,11.372815,1.0,0.0,0.0,0.0,0.0,0.0,1021.3,1020.9334,1.0,1.0,0.0,0.0,8.28,19.70815,9.037986,180.0,189.46225,243.43501,17.28,0.0,0.0,11.297674,200.0,0.0
7,2025-02-19 20:00:00-08:00,11.606501,91.0,10.186786,10.451986,0.0,0.0,0.0,0.0,0.0,0.0,1022.2,1021.83215,1.0,1.0,0.0,0.0,8.39657,25.49908,7.7163734,210.96368,239.4525,270.0,20.16,0.0,0.0,10.606541,85.0,0.0
7,2025-02-19 21:00:00-08:00,10.7565,91.0,9.346221,9.905343,0.0,0.0,0.0,0.0,0.0,1.0,1022.1,1021.73114,45.0,45.0,0.0,0.0,4.6938257,22.3229,11.8326845,212.47118,269.076,306.15826,16.919998,0.0,0.0,9.767305,45.0,0.0
7,2025-02-19 22:00:00-08:00,10.3065,93.0,9.223761,8.6205015,0.0,0.0,0.0,0.0,0.0,1.0,1022.2,1021.83057,25.0,25.0,0.0,0.0,10.1887,15.941944,14.957369,32.005356,64.59232,332.176,14.04,0.0,0.0,9.526579,45.0,0.0
7,2025-02-19 23:00:00-08:00,10.3065,82.0,7.367441,8.6592865,0.0,0.0,0.0,0.0,0.0,2.0,1022.4,1022.0305,73.0,73.0,0.0,0.0,6.638072,20.08916,16.469631,40.601215,53.74608,321.34018,17.28,0.0,0.0,8.420525,310.0,0.0
8,2025-02-19 00:00:00-08:00,1.4695001,45.0,-9.189261,-2.7204444,2.0,0.0,0.0,0.0,0.87,2.0,1020.6,800.45044,70.0,0.0,7.0,70.0,6.8777895,5.495161,7.7860494,222.87889,238.39255,250.70985,8.28,0.0,0.0,-2.5020726,150.0,0.0
8,2025-02-19 01:00:00-08:00,-0.2305,51.0,-9.1572695,-5.4244504,4.0,0.0,0.0,0.0,0.87,1.0,1020.5,799.1895,36.0,0.0,15.0,36.0,13.779114,15.745627,7.3855805,250.1447,259.46088,264.2895,18.359999,0.0,0.0,-3.647231,50.0,0.0
8,2025-02-19 02:00:00-08:00,0.46949998,55.0,-7.5342455,-3.6852307,1.0,0.0,0.0,0.0,0.87,3.0,1020.8,799.9131,99.0,0.0,99.0,98.0,7.6367526,21.986542,3.1608932,261.87,272.8155,144.46223,21.96,0.0,0.0,-2.8273904,80.0,0.0
8,2025-02-19 03:00:00-08:00,1.9195,52.0,-6.9106145,-1.7930665,1.0,0.0,0.0,0.0,0.87,3.0,1020.4,800.60455,99.0,0.0,99.0,99.0,5.0142193,15.84409,9.893796,248.96242,268.6981,201.80147,24.119999,0.0,0.0,-1.7308319,165.0,0.0
8,2025-02-19 04:00:00-08:00,0.2195,69.0,-4.8007426,-3.8053913,2.0,0.0,0.0,0.0,0.87,3.0,1020.8,799.7388,98.0,0.0,98.0,98.0,8.669949,12.594856,13.550753,228.36655,239.03632,229.39879,18.0,0.0,0.0,-2.212428,85.0,0.0
8,2025-02-19 05:00:00-08:00,-0.1305,64.0,-6.1262326,-4.5570374,1.0,0.0,0.0,0.0,0.87,1.0,1020.6,799.3376,49.0,0.0,49.0,27.0,10.446206,20.08916,11.741047,181.97488,233.74606,200.13638,20.519999,0.0,0.0,-2.8464322,175.0,0.0
8,2025-02-19 06:00:00-08:00,0.16950001,58.0,-7.126837,-4.529336,4.0,0.0,0.0,0.0,0.87,3.0,1019.6,798.7638,100.0,100.0,22.0,35.0,11.631956,14.003029,16.733946,158.19853,197.96924,188.84174,23.039999,0.0,0.0,-2.9253945,275.0,0.0
8,2025-02-19 07:00:00-08:00,-1.3805,60.0,-8.149659,-6.1216125,0.0,0.0,0.0,0.0,0.87,0.0,1019.8,797.83466,2.0,0.0,0.0,2.0,11.269782,13.004921,26.312855,206.56499,184.76355,215.90982,19.8,1.0,0.0,-4.203835,310.0,3.25
8,2025-02-19 08:00:00-08:00,0.4195,60.0,-6.449442,-4.8695445,0.0,0.0,0.0,0.0,0.87,0.0,1019.4,798.7812,0.0,0.0,0.0,0.0,16.135872,32.359974,30.946312,231.34016,237.72438,227.406,42.48,1.0,2780.6682,-2.5861402,260.0,104.5
8,2025-02-19 09:00:00-08:00,3.1195,56.0,-4.817998,-3.987627,0.0,0.0,0.0,0.0,0.87,0.0,1019.3,800.5657,0.0,0.0,0.0,0.0,29.795301,50.113758,29.326733,244.98314,245.82857,232.12495,62.279995,1.0,3600.0,-0.42911053,415.0,293.75
8,2025-02-19 10:00:00-08:00,3.5695,68.0,-1.787023,-2.8536549,0.0,0.0,0.0,0.0,0.87,0.0,1018.5,800.2444,2.0,0.0,2.0,0.0,27.691935,43.962765,30.659212,243.76811,242.176,224.9999,56.519997,1.0,3600.0,0.8234916,520.0,466.0
8,2025-02-19 11:00:00-08:00,3.2695,71.0,-1.4875104,-2.795902,1.0,0.0,0.0,0.0,0.86,0.0,1019.1,800.511,5.0,1.0,5.0,0.0,27.691935,42.664177,41.332405,243.76811,243.43501,226.80113,55.8,1.0,3600.0,0.76897335,600.0,621.25
8,2025-02-19 12:00:00-08:00,2.3695,71.0,-2.3531435,-3.7162957,16.0,0.0,0.0,0.0,0.86,3.0,1020.1,800.6793,100.0,20.0,100.0,0.0,25.959969,41.33734,37.54432,236.3099,236.7251,220.23628,52.199997,1.0,3600.0,-0.07222223,615.0,585.5
8,2025-02-19 13:00:00-08:00,1.9195,79.0,-1.3386208,-4.4075713,26.0,0.0,0.0,0.0,0.85,3.0,1021.3,801.31067,88.0,25.0,88.0,0.0,27.459293,43.63283,25.364447,235.68486,236.44101,218.53021,55.079998,1.0,0.0,0.09467888,880.0,387.25
8,2025-02-19 14:00:00-08:00,0.9195,77.0,-2.658651,-5.5585403,41.0,0.1,0.1,0.0,0.85,51.0,1021.1,800.4611,100.0,100.0,100.0,0.0,27.267473,44.319492,22.208477,222.32451,226.97493,231.04408,55.8,1.0,0.0,-1.0075943,690.0,319.25
8,2025-02-19 15:00:00-08:00,1.2195001,93.0,0.2128842,-3.9944766,33.0,0.0,0.0,0.0,0.84,3.0,1021.9,801.2968,100.0,100.0,0.0,0.0,21.407139,34.636787,26.583416,227.72638,232.17719,229.4847,43.199997,1.0,3600.0,0.5130286,545.0,399.0
8,2025-02-19 16:00:00-08:00,0.7695,98.0,0.48947018,-3.6734982,31.0,0.70000005,0.70000005,0.0,0.84,53.0,1021.2,800.4353,100.0,100.0,0.0,0.0,16.418526,28.988384,21.75394,254.74483,255.61856,232.54935,40.32,1.0,0.0,0.47594833,455.0,173.75
8,2025-02-19 17:00:00-08:00,0.6695,87.0,-1.2462703,-4.380865,21.0,0.5,0.5,0.0,0.84,53.0,1021.8,800.836,88.0,88.0,0.0,0.0,18.792551,35.757988,15.292128,253.30067,253.02441,234.78232,45.719997,1.0,573.5147,-0.5045233,545.0,93.25
8,2025-02-19 18:00:00-08:00,-0.0805,89.0,-1.6758347,-6.0917835,23.0,0.2,0.2,0.0,0.84,56.0,1022.3,800.704,94.0,94.0,0.0,0.0,24.967499,40.78182,10.347384,264.2073,265.9505,253.49556,46.079998,0.0,0.0,-1.08641,575.0,12.5
8,2025-02-19 19:00:00-08:00,-0.9305,81.0,-3.7800927,-5.9402885,23.0,0.0,0.0,0.0,0.84,2.0,1022.8,800.4988,55.0,55.0,0.0,0.0,16.23596,38.894997,9.804691,266.186,268.4089,282.99463,44.28,0.0,0.0,-2.4966154,390.0,0.0
8,2025-02-19 20:00:00-08:00,-1.8305,75.0,-5.675672,-6.128561,18.0,0.0,0.0,0.0,0.84,1.0,1024.2,800.9582,47.0,47.0,0.0,0.0,9.885262,26.758923,9.090121,100.491425,264.5963,255.96373,38.88,0.0,0.0,-3.752553,345.0,0.0
8,2025-02-19 21:00:00-08:00,-2.5805,69.0,-7.4870033,-6.991736,14.0,0.0,0.0,0.0,0.84,3.0,1024.1,800.347,84.0,7.0,84.0,0.0,9.422101,7.5170207,7.020053,96.581856,286.6993,263.9911,29.519999,0.0,0.0,-4.812456,355.0,0.0
8,2025-02-19 22:00:00-08:00,-2.6305,80.0,-5.604052,-6.7096577,16.0,0.1,0.0,0.07,0.84,71.0,1024.5,800.6239,100.0,100.0,98.0,0.0,8.435069,13.281023,3.6744635,39.805527,32.82854,233.13002,13.679999,0.0,0.0,-4.1978297,45.0,0.0
8,2025-02-19 23:00:00-08:00,-3.3305,73.0,-7.4790196,-6.9024925,14.0,0.0,0.0,0.0,0.84,3.0,1024.4,800.04565,100.0,91.0,100.0,0.0,3.671294,3.7064266,2.323935,168.69011,60.94549,108.43504,5.3999996,0.0,0.0,-5.287613,215.0,0.0
9,2025-02-19 00:00:00-08:00,11.8625,64.0,5.2681417,9.15129,2.0,0.0,0.0,0.0,0.0,3.0,1020.7,1010.72626,98.0,0.0,98.0,98.0,10.636766,11.709688,4.9298105,113.962494,135.0001,26.564985,11.5199995,0.0,0.0,8.096718,160.0,0.0
9,2025-02-19 01:00:00-08:00,11.512501,61.0,4.248729,8.914761,2.0,0.0,0.0,0.0,0.0,3.0,1020.2,1010.2189,99.0,0.0,99.0,98.0,8.404285,14.20062,11.396763,136.73567,149.53453,91.84757,10.440001,0.0,0.0,7.481263,65.0,0.0
9,2025-02-19 02:00:00-08:00,11.262501,70.0,5.9893894,8.948315,3.0,0.0,0.0,0.0,0.0,3.0,1020.3,1010.30927,99.0,0.0,99.0,98.0,9.0,15.463244,11.343325,143.13002,167.90526,114.90474,12.599999,0.0,0.0,8.140435,110.0,0.0
9,2025-02-19 03:00:00-08:00,11.462501,68.0,5.7615714,8.516405,3.0,0.0,0.0,0.0,0.0,3.0,1019.5,1009.52405,99.0,24.0,99.0,98.0,12.984975,22.66857,12.319048,136.12321,147.31946,197.35411,18.0,0.0,0.0,8.127788,95.0,0.0
9,2025-02-19 04:00:00-08:00,10.962501,73.0,6.3093104,8.570826,4.0,0.0,0.0,0.0,0.0,3.0,1019.7,1009.7047,98.0,0.0,98.0,98.0,10.028439,19.443333,20.222908,201.03758,178.93912,182.08252,14.759999,0.0,0.0,8.156235,155.0,0.0
9,2025-02-19 05:00:00-08:00,11.012501,70.0,5.7496443,7.764328,2.0,0.0,0.0,0.0,0.0,3.0,1019.2,1009.2111,99.0,0.0,99.0,2.0,15.03835,26.089447,16.432701,132.0891,152.02061,153.43501,20.519999,0.0,0.0,7.9075365,160.0,0.0
9,2025-02-19 06:00:00-08:00,11.512501,61.0,4.248729,7.483554,4.0,0.0,0.0,0.0,0.0,0.0,1019.4,1009.4267,12.0,0.0,12.0,0.0,18.218275,29.52878,17.223007,119.604355,135.0001,123.690094,23.4,0.0,0.0,7.481263,315.0,0.0
9,2025-02-19 07:00:00-08:00,11.3625,64.0,4.793653,6.757736,4.0,0.0,0.0,0.0,0.0,3.0,1020.0,1010.0157,99.0,0.0,99.0,0.0,22.932877,36.276142,23.84158,132.45515,139.83049,114.5901,36.719997,1.0,0.0,7.640503,305.0,0.0
9,2025-02-19 08:00:00-08:00,11.4125,67.0,5.4999585,6.8901234,19.0,0.0,0.0,0.0,0.0,3.0,1020.3,1010.3143,100.0,100.0,100.0,0.0,23.4,34.17157,26.530037,120.51016,131.58331,143.44743,37.44,1.0,0.0,7.982439,445.0,7.0
9,2025-02-19 09:00:00-08:00,11.712501,71.0,6.6271453,7.9374065,24.0,0.0,0.0,0.0,0.0,3.0,1020.2,1010.22577,100.0,99.0,100.0,0.0,20.018072,30.928587,27.423416,127.694305,129.80553,144.81921,41.399998,1.0,0.0,8.660151,455.0,15.25
9,2025-02-19 10:00:00-08:00,11.8125,68.0,6.096056,8.241497,45.0,0.0,0.0,0.0,0.0,3.0,1020.9,1010.9224,99.0,99.0,96.0,0.0,17.782686,32.44996,28.944422,148.24057,146.3099,159.95467,42.839996,1.0,0.0,8.451676,425.0,63.25
9,2025-02-19 11:00:00-08:00,11.712501,77.0,7.813276,7.384015,28.0,0.0,0.0,0.0,0.0,3.0,1020.6,1010.6218,100.0,100.0,0.0,0.0,25.77962,37.942017,28.281437,144.09018,146.61147,155.43285,42.839996,1.0,0.0,9.266838,465.0,110.5
9,2025-02-19 12:00:00-08:00,12.5625,77.0,8.637412,9.082422,24.0,0.0,0.0,0.0,0.0,2.0,1020.6,1010.6513,69.0,69.0,0.0,0.0,21.413193,31.235058,23.954573,153.00424,154.02567,147.52882,40.68,1.0,0.0,10.075982,575.0,109.0
9,2025-02-19 13:00:00-08:00,13.8625,76.0,9.702605,10.436972,15.0,0.0,0.0,0.0,0.0,3.0,1020.9,1010.99316,100.0,100.0,0.0,0.0,23.023117,31.072817,23.750795,153.03436,153.13815,145.08052,36.0,1.0,0.0,11.205924,725.0,337.0
9,2025-02-19 14:00:00-08:00,14.1125,75.0,9.746828,10.838934,22.0,0.0,0.0,0.0,0.0,3.0,1020.9,1011.0018,100.0,100.0,0.0,0.0,22.065973,29.957968,22.561327,146.3099,147.26479,127.05662,33.48,1.0,0.0,11.335045,710.0,371.75
9,2025-02-19 15:00:00-08:00,14.5625,74.0,9.980896,11.441949,24.0,0.0,0.0,0.0,0.0,3.0,1020.8,1010.9182,89.0,89.0,0.0,0.0,21.470612,29.055367,20.87988,145.24402,146.113,118.36895,31.319998,1.0,0.0,11.651524,760.0,325.0
9,2025-02-19 16:00:00-08:00,14.8125,76.0,10.622034,12.31538,21.0,0.0,0.0,0.0,0.0,3.0,1020.5,1010.6297,100.0,100.0,0.0,0.0,18.472595,26.486313,13.909678,146.92932,148.90276,102.200455,29.519999,1.0,3600.0,12.107609,635.0,345.0
9,2025-02-19 17:00:00-08:00,13.0625,84.0,10.420411,10.207285,23.0,8.2,8.2,0.0,0.0,65.0,1021.2,1011.26306,100.0,100.0,100.0,0.0,20.523155,25.210283,14.040106,358.99493,1.6365454,96.00892,25.199999,1.0,0.0,11.293684,635.0,77.0
9,2025-02-19 18:00:00-08:00,12.5625,85.0,10.107588,10.827704,22.0,1.5,1.5,0.0,0.0,61.0,1021.5,1011.54254,100.0,83.0,100.0,0.0,12.218805,17.654688,8.379066,135.0001,140.79282,52.124958,17.64,0.0,0.0,10.9138565,140.0,5.25
9,2025-02-19 19:00:00-08:00,11.6125,84.0,9.000092,10.0236025,20.0,0.0,0.0,0.0,0.0,0.0,1022.3,1012.30176,5.0,0.0,5.0,0.0,9.107359,13.089354,11.968828,108.43504,121.50421,17.87879,13.32,0.0,0.0,9.886567,240.0,0.0
9,2025-02-19 20:00:00-08:00,11.012501,77.0,7.1345105,9.751913,4.0,0.0,0.0,0.0,0.0,0.0,1023.5,1013.469,0.0,0.0,0.0,0.0,3.6,1.4399999,11.408604,53.13002,90.0,345.06854,3.6,0.0,0.0,8.600483,345.0,0.0
9,2025-02-19 21:00:00-08:00,10.4125,77.0,6.552667,9.350109,0.0,0.0,0.0,0.0,0.0,0.0,1022.8,1012.7549,2.0,2.0,0.0,0.0,1.2979984,2.9024127,15.132367,33.6901,277.1249,330.9455,1.8,0.0,0.0,8.029319,325.0,0.0
9,2025-02-19 22:00:00-08:00,9.712501,78.0,6.060573,7.984355,0.0,0.0,0.0,0.0,0.0,0.0,1022.9,1012.8292,0.0,0.0,0.0,0.0,5.0911684,6.489992,18.76856,8.130019,326.3099,336.94867,5.04,0.0,0.0,7.459242,85.0,0.0
9,2025-02-19 23:00:00-08:00,8.6125,84.0,6.0609727,6.2527924,0.0,0.0,0.0,0.0,0.0,0.0,1023.2,1013.08704,0.0,0.0,0.0,0.0,9.422101,20.60823,26.215181,353.41815,340.6154,328.76083,14.04,0.0,0.0,6.975276,65.0,0.0
10,2025-02-19 00:00:00-08:00,5.1505003,44.0,-6.119249,0.79672384,6.0,0.0,0.0,0.0,0.13,3.0,1018.3,877.2496,99.0,0.0,99.0,98.0,9.9571085,7.8625183,3.4664822,77.4712,105.945465,57.99466,10.08,0.0,0.0,0.51323223,495.0,0.0
10,2025-02-19 01:00:00-08:00,4.9505,49.0,-4.8848696,-0.2868154,7.0,0.0,0.0,0.0,0.13,3.0,1017.8,876.7261,99.0,0.0,99.0,98.0,16.923828,14.458382,1.6432703,88.78116,108.886185,116.56499,16.919998,0.0,0.0,0.68933296,440.0,0.0
10,2025-02-19 02:00:00-08:00,4.5005,58.0,-3.0539763,0.052430153,6.0,0.0,0.0,0.0,0.13,3.0,1017.4,876.17267,99.0,0.0,99.0,98.0,13.004921,16.854767,2.323935,94.76356,109.98319,108.43504,17.28,0.0,0.0,0.9355221,530.0,0.0
10,2025-02-19 03:00:00-08:00,4.6005,54.0,-3.917679,0.07864046,2.0,0.0,0.0,0.0,0.13,3.0,1016.9,875.78864,99.0,0.0,99.0,98.0,12.783802,17.208603,3.307017,99.72751,105.78082,180.0,18.0,0.0,0.0,0.73744774,610.0,0.0
10,2025-02-19 04:00:00-08:00,4.1005,53.0,-4.6321893,-1.1117585,1.0,0.0,0.0,0.0,0.13,3.0,1016.7,875.3838,99.0,0.0,99.0,51.0,16.946787,23.358423,5.4252806,102.26476,118.539894,241.69934,25.919998,0.0,0.0,0.23078251,575.0,0.0
10,2025-02-19 05:00:00-08:00,4.2505,53.0,-4.492605,-1.0031192,4.0,0.0,0.0,0.0,0.13,1.0,1016.7,875.4535,38.0,0.0,38.0,13.0,17.339897,19.66536,11.21765,94.76356,113.749504,238.39255,19.8,0.0,0.0,0.3616209,625.0,0.0
10,2025-02-19 06:00:00-08:00,4.0005,53.0,-4.7252483,-0.25245237,15.0,0.0,0.0,0.0,0.13,3.0,1018.7,877.05914,99.0,5.0,99.0,0.0,10.296251,17.22742,6.8348975,126.46933,153.97047,233.74606,20.519999,0.0,0.0,0.1435566,880.0,0.0
10,2025-02-19 07:00:00-08:00,2.7005,71.0,-2.0347688,-1.2693243,54.0,0.0,0.0,0.0,0.13,3.0,1018.7,876.4493,99.0,99.0,99.0,0.0,10.636766,18.0,13.048226,156.0375,163.73972,212.34741,21.24,1.0,0.0,0.23715115,570.0,0.0
10,2025-02-19 08:00:00-08:00,2.2505002,85.0,-0.011202231,-1.4022303,82.0,0.4,0.4,0.0,0.12,51.0,1019.0,876.4949,100.0,99.0,100.0,0.0,10.464797,15.844089,5.879142,130.81499,158.68202,180.0,24.119999,1.0,0.0,0.8808594,400.0,4.75
10,2025-02-19 09:00:00-08:00,2.2005,82.0,-0.5545167,-1.3333879,59.0,0.0,0.0,0.0,0.12,3.0,1019.7,877.0735,100.0,100.0,100.0,0.0,9.085988,15.141414,10.353906,146.3099,161.99574,207.47435,21.24,1.0,0.0,0.5955558,570.0,24.5
10,2025-02-19 10:00:00-08:00,1.8005,94.0,0.9376317,-1.3317595,68.0,1.5,1.5,0.0,0.12,61.0,1019.7,876.8838,100.0,100.0,99.0,0.0,7.928178,7.5685663,8.379066,87.3975,115.34614,232.12495,14.759999,1.0,0.0,1.1724524,320.0,27.25
10,2025-02-19 11:00:00-08:00,2.8505,97.0,2.4213233,-0.05049324,76.0,0.5,0.5,0.0,0.12,53.0,1020.7,878.2408,100.0,100.0,100.0,0.0,8.0899935,11.874544,12.498579,147.72438,165.96373,245.69547,20.519999,1.0,0.0,2.4755993,395.0,111.5
10,2025-02-19 12:00:00-08:00,2.9505,98.0,2.6654408,0.44345188,79.0,0.5,0.5,0.0,0.12,53.0,1020.1,877.7715,100.0,100.0,100.0,0.0,5.6920996,9.028754,13.654971,161.56496,184.57384,246.19405,18.0,1.0,0.0,2.6632557,425.0,73.5
10,2025-02-19 13:00:00-08:00,2.2505002,100.0,2.2505002,-0.6051483,73.0,2.2,2.1000001,0.07,0.12,71.0,1020.4,877.6991,100.0,100.0,100.0,0.0,7.5685663,11.659777,14.997935,182.72626,188.88058,239.03632,19.08,1.0,0.0,2.134841,465.0,106.5
10,2025-02-19 14:00:00-08:00,2.7505002,98.0,2.465904,0.09084177,71.0,0.5,0.5,0.0,0.12,53.0,1020.6,878.1074,100.0,100.0,100.0,0.0,6.489992,9.793058,12.557853,183.17976,197.10281,249.44386,14.04,1.0,0.0,2.462678,450.0,90.5
10,2025-02-19 15:00:00-08:00,3.0505002,98.0,2.7652092,1.0396652,53.0,0.6,0.6,0.0,0.11,53.0,1020.9,878.50714,100.0,100.0,0.0,0.0,2.4149535,6.1094027,8.710881,206.56499,224.9999,242.35411,9.0,1.0,0.0,2.763544,465.0,82.25
10,2025-02-19 16:00:00-08:00,3.0005002,99.0,2.85855,0.39526033,32.0,0.5,0.5,0.0,0.11,53.0,1020.8,878.39764,100.0,100.0,94.0,0.0,6.6087217,9.826088,7.646064,299.35767,298.4428,234.78232,20.16,1.0,0.0,2.8015537,495.0,90.25
10,2025-02-19 17:00:00-08:00,2.7005,92.0,1.5306119,-0.9097519,23.0,0.3,0.3,0.0,0.11,51.0,1021.8,879.1164,80.0,80.0,0.0,0.0,11.885453,20.12461,9.127178,305.13428,312.82523,220.10085,35.28,1.0,0.0,1.8974218,300.0,110.5
10,2025-02-19 18:00:00-08:00,2.5505002,75.0,-1.4344637,-3.1947365,19.0,0.0,0.0,0.0,0.11,1.0,1022.8,879.9058,24.0,24.0,0.0,0.0,23.377836,41.161396,4.1571813,350.24762,348.39526,224.9999,47.16,0.0,0.0,0.39348984,245.0,16.75
10,2025-02-19 19:00:00-08:00,2.1505,74.0,-2.003793,-3.402209,5.0,0.0,0.0,0.0,0.11,0.0,1024.2,880.92017,0.0,0.0,0.0,0.0,21.518847,39.55743,2.798388,342.47433,346.84903,336.8014,46.44,0.0,0.0,-0.058877468,440.0,0.0
10,2025-02-19 20:00:00-08:00,1.7505,73.0,-2.5741658,-3.9008005,3.0,0.0,0.0,0.0,0.11,0.0,1024.7,881.15985,0.0,0.0,0.0,0.0,21.67487,46.10952,5.144249,348.50345,349.65518,360.0,52.199997,0.0,0.0,-0.5083699,445.0,0.0
10,2025-02-19 21:00:00-08:00,1.3505,69.0,-3.7160466,-3.8988657,2.0,0.0,0.0,0.0,0.11,0.0,1024.8,881.0548,0.0,0.0,0.0,0.0,17.935081,34.62369,5.8906136,349.59235,351.02744,3.5762644,40.32,0.0,0.0,-1.1622162,485.0,0.0
10,2025-02-19 22:00:00-08:00,-0.5495,75.0,-4.435293,-4.7273045,1.0,0.0,0.0,0.0,0.11,0.0,1025.4,880.6558,0.0,0.0,0.0,0.0,10.00256,14.154915,7.3581076,30.256361,352.69434,2.8623457,19.44,0.0,0.0,-2.540245,325.0,0.0
10,2025-02-19 23:00:00-08:00,-0.2995,70.0,-5.1085563,-4.430805,1.0,0.0,0.0,0.0,0.11,0.0,1025.0,880.4331,8.0,8.0,0.0,5.0,9.1641035,12.371645,7.794714,44.999897,351.63422,351.87,12.959999,0.0,0.0,-2.6309571,260.0,0.0
11,2025-02-19 00:00:00-08:00,10.7,81.0,7.5718207,5.486639,5.0,0.0,0.0,0.0,0.0,3.0,1015.9,1015.9,98.0,0.0,98.0,98.0,31.435646,41.815826,14.349239,166.75948,177.03912,129.80553,42.12,0.0,0.0,8.700415,295.0,0.0
11,2025-02-19 01:00:00-08:00,10.6,83.0,7.832134,5.6669292,5.0,0.0,0.0,0.0,0.0,3.0,1015.3,1015.3,98.0,0.0,98.0,98.0,29.957968,40.334457,14.116829,175.8654,181.5343,128.65984,40.68,0.0,0.0,8.803801,255.0,0.0
11,2025-02-19 02:00:00-08:00,10.35,91.0,8.944223,6.778885,22.0,0.0,0.0,0.0,0.0,3.0,1015.9,1015.9,100.0,100.0,98.0,97.0,22.59699,37.834267,13.475817,202.47948,206.56499,154.1337,37.44,0.0,0.0,9.365953,295.0,0.0
11,2025-02-19 03:00:00-08:00,10.9,77.0,7.0254173,4.385975,46.0,0.0,0.0,0.0,0.0,3.0,1016.3,1016.3,100.0,100.0,98.0,0.0,39.44424,59.1102,15.065301,206.56499,214.07724,192.68037,62.639996,0.0,0.0,8.493389,325.0,0.0
11,2025-02-19 04:00:00-08:00,9.95,91.0,8.548644,3.634862,94.0,1.9000001,1.9000001,0.0,0.0,61.0,1015.7,1015.7,100.0,100.0,100.0,0.0,40.694332,49.541546,12.691536,178.47926,185.4205,157.8905,55.8,0.0,0.0,8.971018,335.0,0.0
11,2025-02-19 05:00:00-08:00,10.1,85.0,7.6919394,2.5443735,100.0,6.3999996,6.3999996,0.0,0.0,63.0,1016.1,1016.1,98.0,89.0,98.0,0.0,47.70102,54.8442,28.130653,161.97519,164.77782,156.1135,60.839996,0.0,0.0,8.518007,390.0,0.0
11,2025-02-19 06:00:00-08:00,9.95,87.0,7.886163,5.575506,92.0,0.1,0.1,0.0,0.0,51.0,1016.5,1016.5,100.0,100.0,99.0,0.0,26.220753,33.40055,22.013073,188.68628,187.43132,146.57516,36.719997,0.0,0.0,8.57058,350.0,0.0
11,2025-02-19 07:00:00-08:00,9.95,91.0,8.548644,6.2436695,98.0,0.7,0.7,0.0,0.0,53.0,1017.2,1017.2,100.0,100.0,99.0,0.0,22.805367,28.241076,23.152037,191.84206,191.0234,179.09064,33.12,0.0,0.0,8.971018,345.0,0.0
11,2025-02-19 08:00:00-08:00,9.9,95.0,9.136208,5.792103,86.0,0.90000004,0.90000004,0.0,0.0,53.0,1017.7,1017.7,99.0,99.0,99.0,0.0,26.6327,32.138947,17.736662,170.66507,175.50293,193.17256,32.039997,1.0,0.0,9.326254,115.0,8.25
11,2025-02-19 09:00:00-08:00,9.85,95.0,9.08651,6.5026464,69.0,0.3,0.3,0.0,0.0,51.0,1018.8,1018.8,100.0,100.0,99.0,0.0,21.325253,25.14852,14.193135,158.19853,166.75948,201.25058,28.08,1.0,0.0,9.276436,335.0,26.75
11,2025-02-19 10:00:00-08:00,9.95,97.0,9.495705,6.912369,61.0,1.0,1.0,0.0,0.0,55.0,1019.8,1019.8,100.0,100.0,99.0,0.0,19.969458,20.929594,11.718025,213.9766,220.81499,228.81418,21.599998,1.0,0.0,9.580355,365.0,52.25
11,2025-02-19 11:00:00-08:00,9.9,98.0,9.598617,8.440198,51.0,0.2,0.2,0.0,0.0,51.0,1020.0,1020.0,100.0,100.0,100.0,0.0,9.346143,18.089775,20.051937,285.6423,312.58044,283.78162,24.84,1.0,0.0,9.632793,370.0,105.0
11,2025-02-19 12:00:00-08:00,9.95,95.0,9.185905,7.7300844,36.0,0.0,0.0,0.0,0.0,3.0,1021.1,1021.1,100.0,100.0,0.0,0.0,13.779114,22.218153,7.0965676,289.85532,296.98016,291.25058,28.44,1.0,0.0,9.376072,405.0,271.25
11,2025-02-19 13:00:00-08:00,9.95,95.0,9.185905,7.777977,26.0,0.0,0.0,0.0,0.0,3.0,1021.9,1021.9,100.0,100.0,0.0,0.0,13.450708,23.006226,3.3876882,285.52417,290.13638,257.4712,26.64,1.0,0.0,9.376072,265.0,263.25
11,2025-02-19 14:00:00-08:00,9.95,96.0,9.3415165,7.259326,19.0,0.0,0.0,0.0,0.0,3.0,1022.4,1022.4,100.0,100.0,0.0,0.0,17.298738,21.915693,5.5604725,282.01144,284.26456,262.40546,27.359999,1.0,0.0,9.478066,255.0,108.75
11,2025-02-19 15:00:00-08:00,9.9,96.0,9.291759,7.296011,12.0,0.0,0.0,0.0,0.0,3.0,1022.9,1022.9,100.0,100.0,0.0,0.0,16.610792,22.218153,5.5604725,299.8988,310.3998,262.40546,28.44,1.0,0.0,9.428138,285.0,76.25
11,2025-02-19 16:00:00-08:00,9.9,95.0,9.136208,6.641466,11.0,0.0,0.0,0.0,0.0,3.0,1023.2,1023.2,100.0,100.0,0.0,0.0,20.808498,27.06472,3.6927903,329.88635,331.38962,264.2895,30.599998,1.0,0.0,9.326254,320.0,45.0
11,2025-02-19 17:00:00-08:00,9.9,95.0,9.136208,6.4705276,5.0,0.0,0.0,0.0,0.0,3.0,1023.8,1023.8,100.0,100.0,0.0,0.0,21.980644,27.41678,3.7472322,328.39255,330.06857,281.3099,32.039997,1.0,0.0,9.326254,385.0,55.75
11,2025-02-19 18:00:00-08:00,9.95,94.0,9.028842,6.6551867,3.0,0.0,0.0,0.0,0.0,3.0,1025.3,1025.3,100.0,100.0,0.0,0.0,20.858265,27.09822,1.8372318,338.74942,340.60208,306.86996,29.88,0.0,0.0,9.274372,735.0,11.0
11,2025-02-19 19:00:00-08:00,9.85,91.0,8.44975,6.637457,2.0,0.0,0.0,0.0,0.0,3.0,1026.4,1026.4,100.0,100.0,1.0,22.0,19.242327,25.277023,3.485902,342.58194,342.5972,18.435053,27.359999,0.0,0.0,8.872284,670.0,0.0
11,2025-02-19 20:00:00-08:00,9.85,94.0,8.929569,6.8923273,2.0,0.0,0.0,0.0,0.0,3.0,1026.9,1026.9,100.0,100.0,61.0,95.0,18.36353,21.26744,3.1608932,1.1232841,2.9107854,54.46224,27.0,0.0,0.0,9.174958,380.0,0.0
11,2025-02-19 21:00:00-08:00,9.9,94.0,8.979206,6.2589264,1.0,0.0,0.0,0.0,0.0,3.0,1027.1,1027.1,100.0,100.0,60.0,94.0,23.14103,27.117346,5.299387,5.3557334,5.3320737,33.6901,29.88,0.0,0.0,9.224665,460.0,0.0
11,2025-02-19 22:00:00-08:00,9.85,91.0,8.44975,6.4506693,0.0,0.0,0.0,0.0,0.0,3.0,1027.5,1027.5,100.0,100.0,0.0,84.0,20.523155,24.490587,8.710881,1.0050671,1.6846573,62.354122,24.84,0.0,0.0,8.872284,475.0,0.0
11,2025-02-19 23:00:00-08:00,9.65,86.0,7.4216175,5.5711565,0.0,0.0,0.0,0.0,0.0,2.0,1027.2,1027.2,73.0,73.0,0.0,6.0,23.40277,26.28986,5.462483,0.8813861,1.5693227,70.346085,26.64,0.0,0.0,8.178558,410.0,0.0
